key,tourn,round,player.id,match.id,seed,seeded,name,Sets.Played,Tie.Breaks.Played,Total.Games,Winners,Return.Games.Won,Server.Points.Won,Total.Points,First.Serves.In,Total.Aces,Total.Double.Faults,First.Serve.Pts.Won,Pct.1stt.Serve.In,Unforced.Errors,Winning.Pct.on.1st.Serve,Winning.Pct.on.2nd.Serve,Receiving.Points.Won,Break.Point.Conversions,Net.Approaches,Total.Points.Won,Fastest.Serve.Speed,Average.1st.Serve.Speed,Average.2nd.Serve.Speed,W.UE,RPW.TPW,W.minus.Aces,SPW.TPW,match.type,year,won
2138.AUS.2012,AUS,1,10230,2138,0,Not Seeded,Greta Arn,2,0,18,2,4,36,66,33,2,3,24,62,3,73,60,48,29,NA,66,NA,NA,NA,0.666666667,0.727272727,0,0.545454545,2,1,1
2115.AUS.2012,AUS,1,10334,2115,0,Not Seeded,Sofia Arvidsson,2,0,16,8,1,26,53,38,1,3,20,67,29,53,32,40,25,100,53,100.662102,93.20565,73.943149,0.275862069,0.754716981,7,0.490566038,2,1,0
2122.AUS.2012,AUS,1,20458,2122,0,Not Seeded,Alberta Brianti,2,0,20,1,7,39,82,46,1,4,27,62,4,59,43,54,50,NA,82,NA,NA,NA,0.25,0.658536585,0,0.475609756,2,1,1
2110.AUS.2012,AUS,1,20556,2110,0,Not Seeded,Elena Baltacha,2,0,18,1,0,36,62,36,1,3,24,58,3,67,46,36,0,NA,62,NA,NA,NA,0.333333333,0.580645161,0,0.580645161,2,1,0
2123.AUS.2012,AUS,1,20576,2123,0,Not Seeded,Iveta Benesova,3,0,27,3,5,55,93,57,3,3,32,59,3,56,59,45,56,NA,93,NA,NA,NA,1,0.483870968,0,0.591397849,2,1,1
2113.AUS.2012,AUS,1,20596,2113,0,Not Seeded,Eva Birnerova,2,0,18,0,4,31,57,48,0,10,23,66,10,48,32,45,67,NA,57,NA,NA,NA,0,0.789473684,0,0.543859649,2,0,0
2156.AUS.2012,AUS,1,20631,2156,9,Seeded,Marion Bartoli,2,0,18,17,6,34,68,32,7,5,25,59,21,78,41,55,46,100,68,109.361296,101.904844,91.962908,0.80952381,0.808823529,10,0.5,2,1,1
2121.AUS.2012,AUS,1,20693,2121,0,Not Seeded,Nina Bratchikova,3,0,24,2,5,44,79,39,2,4,30,53,4,77,40,47,56,NA,79,NA,NA,NA,0.5,0.594936709,0,0.556962025,2,1,1
2158.AUS.2012,AUS,1,20702,2158,0,Not Seeded,Kateryna Bondarenko,2,1,22,0,3,41,67,48,0,5,33,64,5,69,30,36,75,NA,67,NA,NA,NA,0,0.537313433,0,0.611940299,2,1,0
2109.AUS.2012,AUS,1,30458,2109,11,Seeded,Kim Clijsters,2,0,19,10,3,43,69,36,3,7,29,59,25,81,56,46,43,50,69,109.361296,101.283473,88.856053,0.4,0.666666667,7,0.623188406,2,1,1
2120.AUS.2012,AUS,1,30562,2120,32,Seeded,Petra Cetkovska,3,0,28,24,9,38,89,48,2,3,30,63,32,63,29,55,56,80,89,100.040731,91.341537,80.156859,0.75,0.617977528,22,0.426966292,2,1,1
2127.AUS.2012,AUS,1,40130,2127,0,Not Seeded,Kimiko Date-Krumm,2,0,17,18,2,29,44,41,0,6,23,66,43,56,29,32,100,50,44,91.962908,83.263714,69.593552,0.418604651,0.727272727,18,0.659090909,2,0,0
2160.AUS.2012,AUS,1,40300,2160,0,Not Seeded,Lourdes Dominguez,2,0,15,7,0,27,39,25,0,0,12,43,15,48,45,27,0,55,39,101.283473,91.962908,70.214923,0.466666667,0.692307692,7,0.692307692,2,1,0
2127.AUS.2012,AUS,1,40313,2127,0,Not Seeded,Eleni Daniilidou,2,0,17,13,5,32,65,29,0,6,25,62,14,86,39,53,56,57,65,104.390328,86.99194,80.156859,0.928571429,0.815384615,13,0.492307692,2,1,1
2155.AUS.2012,AUS,1,40344,2155,0,Not Seeded,Jelena Dokic,2,0,15,12,4,33,57,22,2,3,19,50,13,86,64,52,44,50,57,104.390328,96.933876,84.506456,0.923076923,0.912280702,10,0.578947368,2,1,1
2148.AUS.2012,AUS,1,40388,2148,0,Not Seeded,Gisela Dulko,2,0,13,4,1,9,24,19,0,2,6,56,18,32,20,34,20,33,24,105.011699,92.584279,82.642343,0.222222222,1.416666667,4,0.375,2,0,0
2110.AUS.2012,AUS,1,60288,2110,0,Not Seeded,Stephanie Foretz,2,0,18,8,3,46,72,38,8,3,29,53,3,76,50,42,30,NA,72,NA,NA,NA,2.666666667,0.583333333,0,0.638888889,2,1,1
2112.AUS.2012,AUS,1,80394,2112,20,Seeded,Daniela Hantuchova,3,0,27,25,5,62,91,74,1,2,49,73,27,66,46,42,50,50,91,100.662102,90.098795,80.156859,0.925925926,0.461538462,24,0.681318681,2,1,1
2152.AUS.2012,AUS,1,80459,2152,0,Not Seeded,Andrea Hlavackova,3,0,24,3,1,43,66,45,3,7,31,59,7,69,39,32,33,NA,66,NA,NA,NA,0.428571429,0.484848485,0,0.651515152,2,1,0
2108.AUS.2012,AUS,1,100153,2108,13,Seeded,Jelena Jankovic,2,0,14,18,5,32,64,28,6,4,21,60,25,75,58,54,56,71,64,107.497183,100.662102,87.613311,0.72,0.84375,12,0.5,2,1,1
2123.AUS.2012,AUS,1,100162,2123,0,Not Seeded,Mathilde Johansson,3,0,27,4,4,46,87,40,4,12,25,48,12,63,48,43,36,NA,87,NA,NA,NA,0.333333333,0.494252874,0,0.528735632,2,1,0
2157.AUS.2012,AUS,1,110492,2157,0,Not Seeded,Klara Zakopalova,2,1,20,0,2,40,70,48,0,6,25,58,6,52,43,42,50,NA,70,NA,NA,NA,0,0.6,0,0.571428571,2,1,0
2119.AUS.2012,AUS,1,110524,2119,0,Not Seeded,Anne Keothavong,1,0,6,0,0,4,7,6,0,3,1,35,3,17,27,19,0,NA,7,NA,NA,NA,0,2.714285714,0,0.571428571,2,1,0
2136.AUS.2012,AUS,1,110536,2136,25,Seeded,Kaia Kanepi,2,0,18,3,5,37,64,33,3,4,24,58,4,73,54,50,56,NA,64,NA,NA,NA,0.75,0.78125,0,0.578125,2,1,1
2139.AUS.2012,AUS,1,110544,2139,0,Not Seeded,Iryna Bremond,2,0,16,1,2,19,43,25,1,6,11,52,6,44,35,41,50,NA,43,NA,NA,NA,0.166666667,0.953488372,0,0.441860465,2,0,0
2144.AUS.2012,AUS,1,110552,2144,18,Seeded,Svetlana Kuznetsova,3,0,24,39,7,42,88,51,3,3,28,68,43,55,58,53,64,69,88,105.011699,90.098795,73.943149,0.906976744,0.602272727,36,0.477272727,2,1,1
2116.AUS.2012,AUS,1,120330,2116,5,Seeded,Na Li,2,0,16,16,6,25,57,29,0,0,18,71,24,62,58,57,43,80,57,100.040731,93.827021,80.77823,0.666666667,1,16,0.438596491,2,1,1
2112.AUS.2012,AUS,1,120420,2112,0,Not Seeded,Varvara Lepchenko,3,0,27,28,3,40,80,44,0,3,32,64,38,73,32,39,38,86,80,103.768957,96.312505,77.050004,0.736842105,0.4875,28,0.5,2,1,0
2113.AUS.2012,AUS,1,130611,2113,0,Not Seeded,Anabel Medina,2,0,18,0,7,32,74,35,0,2,24,60,2,69,35,58,58,NA,74,NA,NA,NA,0,0.783783784,0,0.432432432,2,1,1
2132.AUS.2012,AUS,1,130713,2132,0,Not Seeded,Bethanie Mattek-Sands,3,1,31,81,4,62,118,53,4,5,35,48,65,66,47,41,24,71,118,112.468151,100.040731,75.185891,1.246153846,0.347457627,77,0.525423729,2,1,0
2126.AUS.2012,AUS,1,150185,2126,0,Not Seeded,Romina Oprandi,2,0,17,0,6,31,67,34,0,3,22,67,3,65,53,57,60,NA,67,NA,NA,NA,0,0.850746269,0,0.462686567,2,1,1
2152.AUS.2012,AUS,1,160379,2152,29,Seeded,Nadia Petrova,3,0,24,11,4,49,82,39,11,7,29,54,7,74,61,43,40,NA,82,NA,NA,NA,1.571428571,0.524390244,0,0.597560976,2,1,1
2121.AUS.2012,AUS,1,160391,2121,19,Seeded,Flavia Pennetta,3,0,24,1,4,39,69,50,1,1,30,68,1,60,38,41,40,NA,69,NA,NA,NA,1,0.594202899,0,0.565217391,2,1,0
2124.AUS.2012,AUS,1,160471,2124,16,Seeded,Shuai Peng,2,0,19,14,4,41,71,41,5,5,32,64,13,78,39,47,44,67,71,106.254441,93.20565,77.050004,1.076923077,0.661971831,9,0.577464789,2,1,1
2125.AUS.2012,AUS,1,160481,2125,0,Not Seeded,Laura Pous-Tio,2,0,16,13,1,26,39,26,3,4,14,46,33,54,40,29,25,50,39,106.254441,101.283473,79.535488,0.393939394,0.743589744,10,0.666666667,2,0,0
2103.AUS.2012,AUS,1,160515,2103,0,Not Seeded,Pauline Parmentier,3,0,30,3,6,58,96,47,3,2,37,49,2,79,43,46,60,NA,96,NA,NA,NA,1.5,0.479166667,0,0.604166667,2,1,1
2101.AUS.2012,AUS,1,180356,2101,0,Not Seeded,Anastasia Rodionova,2,0,15,19,0,25,45,32,2,1,19,60,36,59,29,35,0,65,45,100.662102,94.448392,79.535488,0.527777778,0.777777778,17,0.555555556,2,1,0
2156.AUS.2012,AUS,1,180384,2156,0,Not Seeded,Virginie Razzano,2,0,18,12,2,28,48,37,2,4,24,60,31,65,16,37,67,71,48,102.526215,95.069763,82.642343,0.387096774,0.770833333,10,0.583333333,2,1,0
2125.AUS.2012,AUS,1,190666,2125,10,Seeded,Francesca Schiavone,2,0,16,21,5,32,62,20,5,2,16,44,21,80,64,54,56,62,62,108.739925,97.555247,77.050004,1,0.870967742,16,0.516129032,2,1,1
2149.AUS.2012,AUS,1,190787,2149,6,Seeded,Samantha Stosur,2,1,22,12,3,40,64,56,3,3,29,69,33,52,44,38,50,60,64,110.604038,96.312505,84.506456,0.363636364,0.59375,9,0.625,2,1,0
2144.AUS.2012,AUS,1,190873,2144,0,Not Seeded,Chanelle Scheepers,3,0,24,15,4,40,73,49,0,9,26,57,36,53,38,44,44,53,73,103.147586,89.477424,79.535488,0.416666667,0.602739726,15,0.547945205,2,1,0
2139.AUS.2012,AUS,1,190879,2139,0,Not Seeded,Barbora Zahlavova,2,0,16,1,6,34,63,41,1,4,25,71,4,61,53,60,55,NA,63,NA,NA,NA,0.25,0.952380952,0,0.53968254,2,1,1
2135.AUS.2012,AUS,1,200137,2135,0,Not Seeded,Tamarine Tanasugarn,3,0,20,11,3,33,56,47,0,4,23,63,47,49,36,40,60,75,56,94.448392,83.263714,76.428633,0.234042553,0.714285714,11,0.589285714,2,0,0
2153.AUS.2012,AUS,1,220214,2153,23,Seeded,Roberta Vinci,2,0,13,2,5,28,51,29,2,0,24,78,0,83,50,72,56,NA,51,NA,NA,NA,Inf,1.411764706,0,0.549019608,2,1,1
2140.AUS.2012,AUS,1,230234,2140,12,Seeded,Serena Williams,2,0,17,34,3,37,61,34,12,1,25,67,26,74,71,45,30,73,61,116.817748,105.011699,83.885085,1.307692308,0.737704918,22,0.606557377,2,1,1
2133.AUS.2012,AUS,1,260142,2133,7,Seeded,Vera Zvonareva,3,2,35,25,7,71,126,81,2,9,54,66,57,67,40,47,50,88,126,103.768957,92.584279,77.050004,0.438596491,0.373015873,23,0.563492063,2,1,1
2154.AUS.2012,AUS,1,260144,2154,0,Not Seeded,Jie Zheng,2,0,15,6,5,32,57,31,0,3,23,67,17,74,60,54,63,100,57,103.768957,94.448392,78.914117,0.352941176,0.947368421,6,0.561403509,2,1,1
2130.AUS.2012,AUS,1,310112,2130,0,Not Seeded,Sania Mirza,2,0,18,16,3,28,58,39,2,3,20,62,36,51,33,44,43,50,58,102.526215,88.234682,75.185891,0.444444444,0.75862069,14,0.482758621,2,0,0
2148.AUS.2012,AUS,1,310137,2148,4,Seeded,Maria Sharapova,2,0,13,14,6,29,54,24,3,5,16,55,16,67,65,74,67,100,54,106.254441,95.691134,90.720166,0.875,1.37037037,11,0.537037037,2,1,1
2161.AUS.2012,AUS,1,310169,2161,0,Not Seeded,Jarmila Gajdosova,2,0,18,28,0,29,51,22,6,4,17,43,42,77,41,33,0,75,51,116.196377,103.768957,83.885085,0.666666667,0.647058824,22,0.568627451,2,1,0
2146.AUS.2012,AUS,1,310290,2146,0,Not Seeded,Stephanie Dubois,3,0,27,3,6,47,87,61,3,5,34,66,5,56,42,45,38,NA,87,NA,NA,NA,0.6,0.517241379,0,0.540229885,2,1,0
2129.AUS.2012,AUS,1,310419,2129,0,Not Seeded,Galina Voskoboeva,2,0,20,5,4,40,64,28,5,0,23,49,0,82,59,44,67,NA,64,NA,NA,NA,Inf,0.6875,0,0.625,2,1,1
2147.AUS.2012,AUS,1,310431,2147,0,Not Seeded,Mandy Minella,2,0,14,1,1,17,34,26,1,2,10,57,2,38,35,37,33,NA,34,NA,NA,NA,0.5,1.088235294,0,0.5,2,1,0
2162.AUS.2012,AUS,1,310494,2162,0,Not Seeded,Aleksandra Wozniak,2,0,18,19,5,35,72,32,3,4,24,56,19,75,44,52,50,80,72,104.390328,93.827021,82.642343,1,0.722222222,16,0.486111111,2,1,1
2105.AUS.2012,AUS,1,310553,2105,24,Seeded,Lucie Safarova,2,0,18,2,0,31,46,38,2,1,24,75,1,63,54,27,0,NA,46,NA,NA,NA,2,0.586956522,0,0.673913043,2,1,0
2161.AUS.2012,AUS,1,310577,2161,27,Seeded,Maria Kirilenko,2,0,18,11,3,45,67,37,2,6,28,55,14,76,57,43,100,62,67,104.390328,93.20565,80.156859,0.785714286,0.641791045,9,0.671641791,2,1,1
2155.AUS.2012,AUS,1,310623,2155,0,Not Seeded,Anna Chakvetadze,2,0,15,13,0,22,33,25,3,4,15,54,32,60,33,25,0,100,33,100.662102,89.477424,78.292746,0.40625,0.757575758,10,0.666666667,2,0,0
2164.AUS.2012,AUS,1,310625,2164,0,Not Seeded,Vera Dushevina,2,0,14,7,1,17,32,23,2,3,10,50,19,43,30,33,50,50,32,110.604038,103.768957,80.156859,0.368421053,1.03125,5,0.53125,2,1,0
2126.AUS.2012,AUS,1,310626,2126,0,Not Seeded,Anastasiya Yakimova,2,0,17,2,2,27,47,30,2,6,11,48,6,37,48,39,100,NA,47,NA,NA,NA,0.333333333,0.829787234,0,0.574468085,2,1,0
2118.AUS.2012,AUS,1,310730,2118,0,Not Seeded,Casey Dellacqua,2,0,17,21,7,33,67,39,1,2,23,67,23,59,53,62,78,100,67,96.933876,88.856053,78.292746,0.913043478,0.925373134,20,0.492537313,2,1,1
2151.AUS.2012,AUS,1,310761,2151,0,Not Seeded,Sara Errani,2,0,15,0,6,27,55,31,0,0,20,78,0,65,78,58,67,NA,55,NA,NA,NA,NA,1.054545455,0,0.490909091,2,1,1
2104.AUS.2012,AUS,1,310775,2104,31,Seeded,Monica Niculescu,3,0,27,39,9,59,119,61,0,2,35,56,36,57,51,55,50,65,119,102.526215,86.370569,64.622584,1.083333333,0.462184874,39,0.495798319,2,1,1
2134.AUS.2012,AUS,1,310849,2134,0,Not Seeded,Lucie Hradecka,2,0,16,6,4,30,61,22,6,2,19,50,2,86,50,55,36,NA,61,NA,NA,NA,3,0.901639344,0,0.491803279,2,1,1
2130.AUS.2012,AUS,1,311041,2130,0,Not Seeded,Tsvetana Pironkova,2,0,18,18,6,38,73,38,2,1,21,56,30,55,57,56,40,60,73,106.254441,96.312505,78.292746,0.6,0.767123288,16,0.520547945,2,1,1
2114.AUS.2012,AUS,1,311044,2114,0,Not Seeded,Patricia Mayr-Achleitner,2,0,18,0,2,28,46,41,0,3,20,71,3,49,47,35,50,NA,46,NA,NA,NA,0,0.760869565,0,0.608695652,2,0,0
2142.AUS.2012,AUS,1,311168,2142,0,Not Seeded,Shahar Peer,2,0,14,0,5,33,57,39,0,2,32,80,2,82,10,57,71,NA,57,NA,NA,NA,0,1,0,0.578947368,2,1,1
2146.AUS.2012,AUS,1,311220,2146,0,Not Seeded,Elena Vesnina,3,0,27,4,6,49,94,55,4,1,29,62,1,53,59,49,46,NA,94,NA,NA,NA,4,0.521276596,0,0.521276596,2,1,1
2114.AUS.2012,AUS,1,311243,2114,0,Not Seeded,Olga Govortsova,2,0,18,1,5,33,63,33,1,3,25,65,3,76,44,52,45,NA,63,NA,NA,NA,0.333333333,0.825396825,0,0.523809524,2,1,1
2163.AUS.2012,AUS,1,311338,2163,0,Not Seeded,Carla Suarez,2,0,19,0,8,37,74,44,0,4,23,61,4,52,50,65,57,NA,74,NA,NA,NA,0,0.878378378,0,0.5,2,1,1
2103.AUS.2012,AUS,1,311362,2103,0,Not Seeded,Alla Kudryavtseva,3,0,30,2,4,45,83,40,2,4,23,48,4,57,51,40,36,NA,83,NA,NA,NA,0.5,0.481927711,0,0.542168675,2,0,0
2145.AUS.2012,AUS,1,311470,2145,30,Seeded,Angelique Kerber,2,0,16,21,4,35,58,30,6,2,24,61,16,80,58,49,67,67,58,102.526215,93.827021,73.943149,1.3125,0.844827586,15,0.603448276,2,1,1
2143.AUS.2012,AUS,1,311493,2143,0,Not Seeded,Silvia Soler-Espinosa,2,0,18,2,1,36,56,32,2,2,20,44,2,63,40,34,100,NA,56,NA,NA,NA,1,0.607142857,0,0.642857143,2,1,0
2158.AUS.2012,AUS,1,311550,2158,0,Not Seeded,Vania King,2,1,22,1,4,46,80,53,1,1,33,74,1,62,68,45,33,NA,80,NA,NA,NA,1,0.5625,0,0.575,2,1,1
2159.AUS.2012,AUS,1,311578,2159,0,Not Seeded,Michaella Krajicek,2,1,22,2,3,50,79,33,2,6,23,44,6,70,64,41,60,NA,79,NA,NA,NA,0.333333333,0.518987342,0,0.632911392,2,1,1
2136.AUS.2012,AUS,1,311593,2136,0,Not Seeded,Johanna Larsson,2,0,18,2,2,27,47,34,2,1,16,63,1,47,55,35,33,NA,47,NA,NA,NA,2,0.744680851,0,0.574468085,2,0,0
2135.AUS.2012,AUS,1,311604,2135,0,Not Seeded,Ekaterina Makarova,3,0,20,16,7,34,76,38,3,1,25,67,39,66,47,56,50,75,76,103.768957,96.312505,70.836294,0.41025641,0.736842105,13,0.447368421,2,1,1
2160.AUS.2012,AUS,1,311710,2160,21,Seeded,Ana Ivanovic,2,0,15,32,4,33,64,32,4,0,29,71,22,91,31,53,40,62,64,108.118554,100.662102,86.370569,1.454545455,0.828125,28,0.515625,2,1,1
2162.AUS.2012,AUS,1,311779,2162,0,Not Seeded,Shuai Zhang,2,0,18,22,2,34,56,50,3,8,31,70,30,62,14,39,40,40,56,104.390328,88.856053,75.807262,0.733333333,0.696428571,19,0.607142857,2,0,0
2124.AUS.2012,AUS,1,311791,2124,0,Not Seeded,Aravane Rezai,2,0,19,23,2,34,57,35,4,6,25,55,33,71,31,36,33,67,57,106.875812,89.477424,77.671375,0.696969697,0.631578947,19,0.596491228,2,0,0
2117.AUS.2012,AUS,1,312001,2117,3,Seeded,Victoria Azarenka,2,0,13,15,6,27,56,23,0,5,19,59,15,83,50,60,60,33,56,104.390328,94.448392,78.914117,1,1.071428571,15,0.482142857,2,1,1
2145.AUS.2012,AUS,1,312049,2145,0,Not Seeded,Bojana Bobusic,2,0,16,15,0,24,38,27,3,0,18,57,24,67,30,29,0,75,38,100.662102,95.691134,79.535488,0.625,0.763157895,12,0.631578947,2,0,0
2106.AUS.2012,AUS,1,312086,2106,0,Not Seeded,Marina Erakovic,2,1,25,7,4,51,88,44,7,1,29,52,1,66,54,45,67,NA,88,NA,NA,NA,7,0.511363636,0,0.579545455,2,1,1
2104.AUS.2012,AUS,1,312121,2104,0,Not Seeded,Alize Cornet,3,0,27,36,5,49,98,67,0,5,30,61,54,45,45,45,26,49,98,103.768957,91.341537,74.56452,0.666666667,0.459183673,36,0.5,2,1,0
2132.AUS.2012,AUS,1,312251,2132,8,Seeded,Agnieszka Radwanska,3,1,31,29,7,80,129,90,6,1,62,66,13,69,39,44,54,51,129,103.768957,85.749198,68.972181,2.230769231,0.341085271,23,0.620155039,2,1,1
2141.AUS.2012,AUS,1,312336,2141,0,Not Seeded,Stefanie Voegele,3,0,28,18,4,56,99,61,1,5,37,57,39,61,41,42,27,61,99,103.768957,93.827021,73.321778,0.461538462,0.424242424,17,0.565656566,2,0,0
2149.AUS.2012,AUS,1,312469,2149,0,Not Seeded,Sorana Cirstea,2,1,22,28,5,39,80,41,8,2,27,65,26,66,55,51,42,88,80,109.982667,102.526215,85.749198,1.076923077,0.6375,20,0.4875,2,1,1
2141.AUS.2012,AUS,1,312520,2141,14,Seeded,Sabine Lisicki,3,0,28,39,6,60,111,51,3,6,33,50,55,65,52,48,43,67,111,111.225409,93.20565,80.156859,0.709090909,0.432432432,36,0.540540541,2,1,1
2129.AUS.2012,AUS,1,312536,2129,28,Seeded,Yanina Wickmayer,2,0,20,0,1,30,47,35,0,4,23,65,4,66,37,30,50,NA,47,NA,NA,NA,0,0.638297872,0,0.638297872,2,1,0
2159.AUS.2012,AUS,1,312578,2159,0,Not Seeded,Kristina Barrois,2,1,22,7,2,41,66,47,7,1,27,67,1,57,61,33,67,NA,66,NA,NA,NA,7,0.5,0,0.621212121,2,0,0
2137.AUS.2012,AUS,1,312580,2137,0,Not Seeded,Magdalena Rybarikova,2,0,16,5,0,36,51,53,5,1,31,74,1,58,26,31,0,NA,51,NA,NA,NA,5,0.607843137,0,0.705882353,2,1,0
2134.AUS.2012,AUS,1,312584,2134,0,Not Seeded,Evgeniya Rodina,2,0,16,1,1,25,39,41,1,4,21,73,4,51,27,32,33,NA,39,NA,NA,NA,0.25,0.820512821,0,0.641025641,2,0,0
2147.AUS.2012,AUS,1,312711,2147,0,Not Seeded,Jamie Hampton,2,0,14,1,6,29,58,25,1,0,16,54,0,64,62,63,55,NA,58,NA,NA,NA,Inf,1.086206897,0,0.5,2,1,1
2133.AUS.2012,AUS,1,312712,2133,0,Not Seeded,Alexandra Dulgheru,3,2,35,37,6,62,114,82,0,6,46,70,62,56,46,42,46,78,114,98.797989,87.613311,77.671375,0.596774194,0.368421053,37,0.543859649,2,0,0
2106.AUS.2012,AUS,1,312738,2106,0,Not Seeded,Irena Pavlovic,2,1,25,2,3,46,80,47,2,9,35,57,9,74,31,40,43,NA,80,NA,NA,NA,0.222222222,0.5,0,0.575,2,1,0
2120.AUS.2012,AUS,1,312848,2120,0,Not Seeded,Ayumi Morita,3,0,28,21,7,42,80,68,0,5,33,73,37,49,36,50,54,47,80,95.691134,86.370569,77.050004,0.567567568,0.625,21,0.525,2,1,0
2150.AUS.2012,AUS,1,312850,2150,0,Not Seeded,Alison Riske,3,0,25,1,6,42,89,62,1,4,32,70,4,52,38,49,67,NA,89,NA,NA,NA,0.25,0.550561798,0,0.471910112,2,0,0
2137.AUS.2012,AUS,1,312894,2137,17,Seeded,Dominika Cibulkova,2,0,16,2,4,34,70,32,2,1,26,65,1,81,47,50,44,NA,70,NA,NA,NA,2,0.714285714,0,0.485714286,2,1,1
2102.AUS.2012,AUS,1,312962,2102,0,Not Seeded,Anna Tatishvili,2,1,21,13,4,45,76,51,0,1,32,73,17,63,68,46,100,60,76,95.069763,85.127827,77.050004,0.764705882,0.605263158,13,0.592105263,2,1,1
2140.AUS.2012,AUS,1,313035,2140,0,Not Seeded,Tamira Paszek,2,0,17,8,0,29,43,34,2,3,19,64,16,56,53,27,0,100,43,101.904844,91.341537,76.428633,0.5,0.627906977,6,0.674418605,2,1,0
2150.AUS.2012,AUS,1,313131,2150,0,Not Seeded,Urszula Radwanska,3,0,25,2,6,48,94,65,2,4,33,68,4,51,50,52,46,NA,94,NA,NA,NA,0.5,0.553191489,0,0.510638298,2,1,1
2163.AUS.2012,AUS,1,313169,2163,0,Not Seeded,Irina-Camelia Begu,2,0,19,0,4,20,55,40,0,3,15,70,3,38,29,49,31,NA,55,NA,NA,NA,0,0.890909091,0,0.363636364,2,1,0
2153.AUS.2012,AUS,1,313215,2153,0,Not Seeded,Alexandra Cadantu,2,0,13,0,0,9,18,20,0,3,7,63,3,35,17,24,0,NA,18,NA,NA,NA,0,1.333333333,0,0.5,2,0,0
2111.AUS.2012,AUS,1,313349,2111,0,Not Seeded,Arantxa Rus,2,1,20,1,5,28,61,40,1,4,18,57,4,45,33,47,71,NA,61,NA,NA,NA,0.25,0.770491803,0,0.459016393,2,1,0
2128.AUS.2012,AUS,1,313381,2128,22,Seeded,Julia Goerges,2,1,22,2,4,40,68,43,2,2,31,69,2,72,47,44,44,NA,68,NA,NA,NA,1,0.647058824,0,0.588235294,2,1,1
2101.AUS.2012,AUS,1,313402,2101,1,Seeded,Caroline Wozniacki,2,0,15,14,4,37,65,43,1,1,29,75,12,67,57,53,57,83,65,107.497183,98.176618,72.079036,1.166666667,0.815384615,13,0.569230769,2,1,1
2138.AUS.2012,AUS,1,313485,2138,0,Not Seeded,Rebecca Marino,2,0,18,4,1,32,49,30,4,4,22,48,4,73,31,32,33,NA,49,NA,NA,NA,1,0.653061224,0,0.653061224,2,0,0
2116.AUS.2012,AUS,1,313537,2116,0,Not Seeded,Ksenia Pervak,2,0,16,7,2,24,40,32,0,5,13,57,24,41,46,39,100,100,40,101.283473,88.856053,78.292746,0.291666667,0.975,7,0.6,2,0,0
2107.AUS.2012,AUS,1,313711,2107,0,Not Seeded,Petra Martic,2,0,18,3,2,30,49,34,3,3,19,56,3,56,41,38,40,NA,49,NA,NA,NA,1,0.775510204,0,0.612244898,2,1,0
2157.AUS.2012,AUS,1,313796,2157,15,Seeded,Anastasia Pavlyuchenkova,2,1,20,0,4,41,84,38,0,7,29,54,7,76,36,52,31,NA,84,NA,NA,NA,0,0.619047619,0,0.488095238,2,1,1
2115.AUS.2012,AUS,1,313803,2115,0,Not Seeded,Olivia Rogowska,2,0,16,28,5,41,72,47,3,3,33,69,37,70,38,54,38,78,72,100.662102,90.720166,78.292746,0.756756757,0.75,25,0.569444444,2,1,1
2107.AUS.2012,AUS,1,313923,2107,0,Not Seeded,Kai-Chen Chang,2,0,18,2,5,31,62,30,2,3,22,60,3,73,45,51,71,NA,62,NA,NA,NA,0.666666667,0.822580645,0,0.5,2,1,1
2128.AUS.2012,AUS,1,313968,2128,0,Not Seeded,Polona Hercog,2,1,22,0,3,35,57,36,0,3,22,57,3,61,48,35,60,NA,57,NA,NA,NA,0,0.614035088,0,0.614035088,2,0,0
2164.AUS.2012,AUS,1,314206,2164,2,Seeded,Petra Kvitova,2,0,14,19,6,30,59,27,2,5,21,60,20,78,50,63,55,64,59,109.361296,96.933876,84.506456,0.95,1.06779661,17,0.508474576,2,1,1
2131.AUS.2012,AUS,1,314320,2131,0,Not Seeded,Simona Halep,3,0,28,2,5,48,91,65,2,3,37,69,3,57,38,43,29,NA,91,NA,NA,NA,0.666666667,0.472527473,0,0.527472527,2,1,0
2118.AUS.2012,AUS,1,314369,2118,0,Not Seeded,Bojana Jovanovski,2,0,17,13,3,21,46,31,0,4,14,56,24,45,29,43,33,67,46,105.63307,90.098795,76.428633,0.541666667,0.934782609,13,0.456521739,2,1,0
2122.AUS.2012,AUS,1,314545,2122,0,Not Seeded,Irina Falconi,2,0,20,3,4,36,71,48,3,6,27,61,6,56,29,47,33,NA,71,NA,NA,NA,0.5,0.661971831,0,0.507042254,2,1,0
2142.AUS.2012,AUS,1,314622,2142,0,Not Seeded,Isabella Holland,2,0,14,1,0,18,34,32,1,3,16,76,3,50,20,33,0,NA,34,NA,NA,NA,0.333333333,0.970588235,0,0.529411765,2,0,0
2109.AUS.2012,AUS,1,314757,2109,0,Not Seeded,Maria Joao,2,0,19,11,0,31,49,26,2,10,16,46,32,62,48,30,0,57,49,108.739925,98.797989,85.127827,0.34375,0.612244898,9,0.632653061,2,0,0
2105.AUS.2012,AUS,1,314917,2105,0,Not Seeded,Christina McHale,2,0,18,4,3,40,60,33,4,0,25,60,0,76,68,39,50,NA,60,NA,NA,NA,Inf,0.65,0,0.666666667,2,1,1
2131.AUS.2012,AUS,1,315083,2131,0,Not Seeded,Paula Ormaechea,3,0,28,1,7,58,104,62,1,2,35,61,2,56,59,49,54,NA,104,NA,NA,NA,0.5,0.471153846,0,0.557692308,2,1,1
2111.AUS.2012,AUS,1,315295,2111,0,Not Seeded,Lesia Tsurenko,2,1,20,0,7,37,79,45,0,7,27,64,7,60,40,60,58,NA,79,NA,NA,NA,0,0.759493671,0,0.46835443,2,1,1
2119.AUS.2012,AUS,1,315365,2119,0,Not Seeded,Mona Barthel,1,0,6,2,3,13,26,10,2,0,7,63,0,70,100,76,100,NA,26,NA,NA,NA,Inf,2.923076923,0,0.5,2,1,1
2151.AUS.2012,AUS,1,315428,2151,0,Not Seeded,Valeria Savinykh,2,0,15,1,1,20,33,35,1,1,14,73,1,40,46,33,50,NA,33,NA,NA,NA,1,1,0,0.606060606,2,0,0
2143.AUS.2012,AUS,1,315683,2143,0,Not Seeded,Sloane Stephens,2,0,18,7,4,38,74,31,7,4,24,53,4,77,52,50,40,NA,74,NA,NA,NA,1.75,0.675675676,0,0.513513514,2,1,1
2108.AUS.2012,AUS,1,316629,2108,0,Not Seeded,Laura Robson,2,0,14,10,0,27,42,37,3,7,19,63,31,51,36,32,0,0,42,105.011699,95.691134,86.370569,0.322580645,0.761904762,7,0.642857143,2,1,0
2154.AUS.2012,AUS,1,316959,2154,0,Not Seeded,Madison Keys,2,0,15,7,0,21,35,31,2,2,16,67,28,52,33,30,0,100,35,116.196377,103.768957,75.185891,0.25,0.857142857,5,0.6,2,0,0
2117.AUS.2012,AUS,1,316981,2117,0,Not Seeded,Heather Watson,2,0,13,10,0,19,31,27,0,3,12,56,27,44,33,31,0,33,31,105.011699,95.069763,78.914117,0.37037037,1,10,0.612903226,2,1,0
2102.AUS.2012,AUS,1,318033,2102,0,Not Seeded,Ashleigh Barty,2,1,21,17,2,37,62,33,7,6,25,49,43,76,34,36,40,60,62,105.63307,98.797989,78.914117,0.395348837,0.580645161,10,0.596774194,2,0,0
2160.FRE.2012,FRE,1,10230,2160,0,Not Seeded,Greta Arn,2,0,20,9,1,35,55,29,3,1,17,51,23,59,64,34,50,60,55,NA,NA,NA,0.391304348,0.618181818,6,0.636363636,2,1,0
2137.FRE.2012,FRE,1,10334,2137,0,Not Seeded,Sofia Arvidsson,3,0,27,34,6,57,95,73,0,2,44,74,26,60,50,48,86,67,95,106.254441,91.962908,74.56452,1.307692308,0.505263158,34,0.6,2,1,1
2101.FRE.2012,FRE,1,20458,2101,0,Not Seeded,Alberta Brianti,3,1,31,18,6,45,92,62,0,2,29,62,44,47,42,47,55,43,92,101.904844,93.827021,80.156859,0.409090909,0.510869565,18,0.489130435,2,1,0
2116.FRE.2012,FRE,1,20556,2116,0,Not Seeded,Elena Baltacha,2,0,16,8,1,21,35,28,2,3,13,60,17,46,42,31,50,67,35,101.904844,94.448392,83.885085,0.470588235,0.885714286,6,0.6,2,1,0
2113.FRE.2012,FRE,1,20576,2113,0,Not Seeded,Iveta Benesova,2,0,18,8,2,21,40,27,1,4,11,56,26,41,48,34,67,50,40,NA,NA,NA,0.307692308,0.85,7,0.525,2,1,0
2106.FRE.2012,FRE,1,20596,2106,0,Not Seeded,Eva Birnerova,3,0,34,50,10,54,106,65,2,16,33,54,65,51,38,54,71,60,106,NA,NA,NA,0.769230769,0.509433962,48,0.509433962,2,0,0
2132.FRE.2012,FRE,1,20631,2132,8,Seeded,Marion Bartoli,2,0,18,21,4,42,66,39,3,3,32,61,16,82,40,46,67,72,66,107.497183,101.283473,90.098795,1.3125,0.696969697,18,0.636363636,2,1,1
2145.FRE.2012,FRE,1,20693,2145,0,Not Seeded,Nina Bratchikova,3,0,24,47,5,47,93,54,0,2,33,61,59,61,40,48,38,61,93,NA,NA,NA,0.796610169,0.516129032,47,0.505376344,2,1,1
2119.FRE.2012,FRE,1,20702,2119,0,Not Seeded,Kateryna Bondarenko,2,1,20,24,3,38,69,42,0,6,23,55,41,55,43,41,60,63,69,NA,NA,NA,0.585365854,0.594202899,24,0.550724638,2,1,0
2159.FRE.2012,FRE,1,30557,2159,0,Not Seeded,Melinda Czink,2,0,15,14,4,36,58,22,2,2,20,47,11,91,64,49,67,88,58,105.011699,95.691134,86.99194,1.272727273,0.844827586,12,0.620689655,2,1,1
2112.FRE.2012,FRE,1,30562,2112,24,Seeded,Petra Cetkovska,2,0,16,23,5,31,56,33,1,2,24,69,18,73,47,56,71,58,56,NA,NA,NA,1.277777778,1,22,0.553571429,2,1,1
2141.FRE.2012,FRE,1,40130,2141,0,Not Seeded,Kimiko Date-Krumm,2,0,16,15,1,26,42,34,0,2,18,60,35,53,35,33,33,67,42,96.933876,88.856053,78.292746,0.428571429,0.785714286,15,0.619047619,2,0,0
2162.FRE.2012,FRE,1,40300,2162,0,Not Seeded,Lourdes Dominguez,2,0,24,17,4,47,80,40,1,2,29,56,12,73,56,43,44,64,80,NA,NA,NA,1.416666667,0.5375,16,0.5875,2,1,1
2156.FRE.2012,FRE,1,40313,2156,0,Not Seeded,Eleni Daniilidou,2,0,13,13,0,15,29,26,1,1,9,60,28,35,35,30,0,63,29,111.225409,95.691134,86.99194,0.464285714,1.034482759,12,0.517241379,2,1,0
2134.FRE.2012,FRE,1,60288,2134,0,Not Seeded,Stephanie Foretz,2,0,21,21,4,50,78,36,1,5,25,46,28,69,58,46,57,48,78,109.361296,99.41936,81.399601,0.75,0.58974359,20,0.641025641,2,1,1
2115.FRE.2012,FRE,1,70471,2115,0,Not Seeded,Edina Gallovits-Hall,3,0,25,27,4,42,86,47,1,4,21,52,52,45,48,44,25,67,86,NA,NA,NA,0.519230769,0.511627907,26,0.488372093,2,1,0
2144.FRE.2012,FRE,1,100153,2144,19,Seeded,Jelena Jankovic,3,0,26,36,7,43,86,55,2,5,30,67,40,55,48,52,50,67,86,112.468151,101.904844,85.749198,0.9,0.604651163,34,0.5,2,1,1
2111.FRE.2012,FRE,1,100162,2111,0,Not Seeded,Mathilde Johansson,3,1,35,26,8,61,123,72,0,7,42,60,36,58,39,50,62,57,123,98.797989,91.962908,83.885085,0.722222222,0.406504065,26,0.495934959,2,1,1
2158.FRE.2012,FRE,1,110492,2158,0,Not Seeded,Klara Zakopalova,2,0,15,13,5,31,59,19,2,2,15,41,11,79,59,58,42,100,59,NA,NA,NA,1.181818182,0.983050847,11,0.525423729,2,1,1
2159.FRE.2012,FRE,1,110524,2159,0,Not Seeded,Anne Keothavong,2,0,15,7,0,23,34,24,1,4,14,53,25,58,43,23,0,0,34,105.63307,96.312505,85.749198,0.28,0.676470588,6,0.676470588,2,1,0
2153.FRE.2012,FRE,1,110536,2153,23,Seeded,Kaia Kanepi,2,0,18,22,5,31,62,26,5,2,20,58,18,77,58,52,42,71,62,111.225409,102.526215,88.856053,1.222222222,0.838709677,17,0.5,2,1,1
2120.FRE.2012,FRE,1,110552,2120,26,Seeded,Svetlana Kuznetsova,2,0,16,7,6,34,63,38,1,2,23,64,13,61,52,59,75,0,63,104.390328,91.341537,79.535488,0.538461538,0.936507937,6,0.53968254,2,1,1
2120.FRE.2012,FRE,1,120323,2120,0,Not Seeded,Mirjana Lucic,2,0,16,23,2,20,45,26,1,2,12,53,42,46,35,42,25,75,45,113.089522,103.147586,87.613311,0.547619048,0.933333333,22,0.444444444,2,1,0
2133.FRE.2012,FRE,1,120330,2133,7,Seeded,Na Li,2,0,15,13,5,30,59,22,1,1,16,55,13,73,78,55,71,100,59,104.390328,95.069763,85.749198,1,0.93220339,12,0.508474576,2,1,1
2143.FRE.2012,FRE,1,120420,2143,0,Not Seeded,Varvara Lepchenko,3,1,31,42,9,64,119,84,3,2,45,68,54,54,49,54,47,64,119,NA,NA,NA,0.777777778,0.453781513,39,0.537815126,2,1,1
2106.FRE.2012,FRE,1,130591,2106,0,Not Seeded,Maria Jose,3,0,34,26,11,45,111,41,2,5,23,42,32,56,39,55,50,55,111,NA,NA,NA,0.8125,0.495495495,24,0.405405405,2,1,1
2129.FRE.2012,FRE,1,130611,2129,0,Not Seeded,Anabel Medina,2,0,15,14,4,41,59,42,4,1,34,66,5,81,32,53,80,0,59,101.283473,93.20565,75.807262,2.8,0.898305085,10,0.694915254,2,1,1
2109.FRE.2012,FRE,1,130713,2109,0,Not Seeded,Bethanie Mattek-Sands,2,0,19,20,6,35,65,36,0,4,22,58,21,61,50,56,67,83,65,113.089522,97.555247,77.671375,0.952380952,0.861538462,20,0.538461538,2,1,1
2126.FRE.2012,FRE,1,150185,2126,0,Not Seeded,Romina Oprandi,2,0,17,18,4,27,54,45,0,6,22,66,34,49,22,48,44,63,54,NA,NA,NA,0.529411765,0.888888889,18,0.5,2,1,0
2113.FRE.2012,FRE,1,160379,2113,27,Seeded,Nadia Petrova,2,0,18,22,5,37,64,34,6,5,22,61,19,65,68,56,100,60,64,NA,NA,NA,1.157894737,0.875,16,0.578125,2,1,1
2128.FRE.2012,FRE,1,160391,2128,18,Seeded,Flavia Pennetta,3,1,31,37,8,55,121,43,4,4,30,46,32,70,50,50,33,69,121,NA,NA,NA,1.15625,0.41322314,33,0.454545455,2,1,1
2161.FRE.2012,FRE,1,160471,2161,28,Seeded,Shuai Peng,2,0,19,27,3,37,67,33,5,1,24,62,21,73,65,45,43,42,67,109.982667,101.283473,75.807262,1.285714286,0.671641791,22,0.552238806,2,1,1
2114.FRE.2012,FRE,1,160481,2114,0,Not Seeded,Laura Pous-Tio,3,0,25,20,7,38,79,49,2,4,22,58,36,45,44,52,88,71,79,NA,NA,NA,0.555555556,0.658227848,18,0.481012658,2,0,0
2147.FRE.2012,FRE,1,160515,2147,0,Not Seeded,Pauline Parmentier,2,0,19,18,2,33,54,37,1,3,22,63,25,59,50,37,40,43,54,116.196377,104.390328,80.77823,0.72,0.685185185,17,0.611111111,2,1,0
2111.FRE.2012,FRE,1,180356,2111,0,Not Seeded,Anastasia Rodionova,3,1,35,43,8,63,123,76,2,5,41,61,41,54,45,50,62,83,123,100.040731,93.20565,81.399601,1.048780488,0.406504065,41,0.512195122,2,1,0
2149.FRE.2012,FRE,1,180384,2149,0,Not Seeded,Virginie Razzano,3,1,32,30,4,77,117,89,4,8,53,66,36,60,53,42,40,55,117,103.768957,96.312505,80.77823,0.833333333,0.358974359,26,0.658119658,2,1,1
2141.FRE.2012,FRE,1,190666,2141,14,Seeded,Francesca Schiavone,2,0,16,13,5,32,63,26,3,3,17,54,15,65,68,54,56,67,63,110.604038,98.176618,80.156859,0.866666667,0.857142857,10,0.507936508,2,1,1
2116.FRE.2012,FRE,1,190787,2116,6,Seeded,Samantha Stosur,2,0,16,23,5,31,57,25,1,1,19,56,9,76,60,55,63,64,57,111.84678,101.904844,87.613311,2.555555556,0.964912281,22,0.543859649,2,1,1
2114.FRE.2012,FRE,1,190873,2114,0,Not Seeded,Chanelle Scheepers,3,0,25,25,8,38,85,50,2,6,27,63,33,54,38,55,50,73,85,NA,NA,NA,0.757575758,0.647058824,23,0.447058824,2,1,1
2134.FRE.2012,FRE,1,190879,2134,0,Not Seeded,Barbora Zahlavova,2,0,21,15,2,33,62,37,3,1,23,61,29,62,42,37,17,78,62,106.254441,98.176618,82.642343,0.517241379,0.596774194,12,0.532258065,2,1,0
2139.FRE.2012,FRE,1,200137,2139,0,Not Seeded,Tamarine Tanasugarn,2,0,15,6,2,10,33,20,2,3,6,50,25,30,20,44,40,33,33,NA,NA,NA,0.24,1.333333333,4,0.303030303,2,0,0
2137.FRE.2012,FRE,1,220214,2137,17,Seeded,Roberta Vinci,3,0,27,36,4,41,83,48,1,1,25,61,31,52,52,42,67,60,83,103.147586,91.962908,72.079036,1.161290323,0.506024096,35,0.493975904,2,1,0
2118.FRE.2012,FRE,1,230220,2118,0,Not Seeded,Venus Williams,3,0,26,41,7,47,80,45,6,1,29,60,29,64,60,50,100,57,80,121.167345,105.011699,82.020972,1.413793103,0.625,35,0.5875,2,1,1
2149.FRE.2012,FRE,1,230234,2149,5,Seeded,Serena Williams,3,1,32,39,4,55,112,50,6,4,34,53,47,68,47,43,25,61,112,120.545974,104.390328,80.77823,0.829787234,0.383928571,33,0.491071429,2,1,0
2104.FRE.2012,FRE,1,260144,2104,31,Seeded,Jie Zheng,2,0,20,25,6,30,73,38,0,0,18,67,27,47,63,52,43,69,73,101.283473,88.234682,75.185891,0.925925926,0.712328767,25,0.410958904,2,1,1
2128.FRE.2012,FRE,1,310053,2128,0,Not Seeded,Su-Wei Hsieh,3,1,31,32,5,65,103,88,0,3,48,67,37,55,40,41,63,67,103,NA,NA,NA,0.864864865,0.398058252,32,0.631067961,2,1,0
2164.FRE.2012,FRE,1,310137,2164,2,Seeded,Maria Sharapova,2,0,12,18,6,26,51,24,1,4,20,67,13,83,50,76,67,86,51,113.089522,106.254441,94.448392,1.384615385,1.490196078,17,0.509803922,2,1,1
2155.FRE.2012,FRE,1,310169,2155,0,Not Seeded,Jarmila Gajdosova,2,0,14,21,4,27,52,22,4,2,17,55,20,77,56,54,33,75,52,NA,NA,NA,1.05,1.038461538,17,0.519230769,2,1,1
2123.FRE.2012,FRE,1,310290,2123,0,Not Seeded,Stephanie Dubois,2,0,16,12,1,31,50,46,1,0,21,70,27,46,50,37,100,63,50,NA,NA,NA,0.444444444,0.74,11,0.62,2,1,0
2107.FRE.2012,FRE,1,310419,2107,0,Not Seeded,Galina Voskoboeva,2,0,18,23,0,31,46,26,5,3,15,48,25,58,57,27,0,92,46,NA,NA,NA,0.92,0.586956522,18,0.673913043,2,1,0
2138.FRE.2012,FRE,1,310431,2138,0,Not Seeded,Mandy Minella,2,0,19,12,4,26,53,46,2,1,21,72,21,46,28,46,40,29,53,NA,NA,NA,0.571428571,0.867924528,10,0.490566038,2,1,0
2103.FRE.2012,FRE,1,310494,2103,0,Not Seeded,Aleksandra Wozniak,2,0,20,26,6,30,66,26,3,6,18,54,21,69,55,54,75,80,66,NA,NA,NA,1.238095238,0.818181818,23,0.454545455,2,1,1
2105.FRE.2012,FRE,1,310553,2105,20,Seeded,Lucie Safarova,2,0,14,16,6,28,55,24,0,8,19,59,17,79,53,64,75,78,55,108.118554,88.234682,77.050004,0.941176471,1.163636364,16,0.509090909,2,1,1
2157.FRE.2012,FRE,1,310577,2157,16,Seeded,Maria Kirilenko,2,0,15,14,5,36,64,33,2,2,26,62,7,79,50,57,50,55,64,105.63307,96.312505,83.263714,2,0.890625,12,0.5625,2,1,1
2146.FRE.2012,FRE,1,310625,2146,0,Not Seeded,Vera Dushevina,2,0,17,15,1,35,59,42,2,1,21,60,15,50,50,36,14,71,59,NA,NA,NA,1,0.610169492,13,0.593220339,2,1,0
2105.FRE.2012,FRE,1,310626,2105,0,Not Seeded,Anastasiya Yakimova,2,0,14,4,1,15,28,24,0,0,9,57,20,38,33,32,100,25,28,98.176618,90.720166,77.671375,0.2,1.142857143,4,0.535714286,2,1,0
2121.FRE.2012,FRE,1,310730,2121,0,Not Seeded,Casey Dellacqua,3,0,26,39,6,34,71,49,1,5,25,58,44,51,26,46,60,76,71,NA,NA,NA,0.886363636,0.647887324,38,0.478873239,2,1,0
2121.FRE.2012,FRE,1,310761,2121,21,Seeded,Sara Errani,3,0,26,26,9,43,93,65,2,1,39,81,17,60,27,60,47,69,93,NA,NA,NA,1.529411765,0.64516129,24,0.462365591,2,1,1
2145.FRE.2012,FRE,1,310775,2145,32,Seeded,Monica Niculescu,3,0,24,18,5,50,92,69,0,2,36,72,30,52,52,47,36,80,92,NA,NA,NA,0.6,0.510869565,18,0.543478261,2,1,0
2152.FRE.2012,FRE,1,310849,2152,0,Not Seeded,Lucie Hradecka,2,1,23,25,2,52,81,43,6,12,34,48,31,79,38,37,33,86,81,120.545974,113.089522,89.477424,0.806451613,0.456790123,19,0.641975309,2,1,0
2103.FRE.2012,FRE,1,310917,2103,0,Not Seeded,Heidi El,2,0,20,14,3,31,49,30,1,3,19,45,32,63,32,38,60,100,49,NA,NA,NA,0.4375,0.775510204,13,0.632653061,2,0,0
2146.FRE.2012,FRE,1,310981,2146,0,Not Seeded,Claire Feuerstein,2,0,17,31,4,42,77,37,4,3,28,56,28,76,48,50,36,100,77,NA,NA,NA,1.107142857,0.649350649,27,0.545454545,2,1,1
2142.FRE.2012,FRE,1,311041,2142,0,Not Seeded,Tsvetana Pironkova,3,0,24,28,5,49,88,44,4,4,30,56,13,68,54,46,38,50,88,116.196377,101.283473,81.399601,2.153846154,0.522727273,24,0.556818182,2,1,1
2144.FRE.2012,FRE,1,311044,2144,0,Not Seeded,Patricia Mayr-Achleitner,3,0,26,21,6,40,79,57,1,2,30,69,24,53,38,48,100,62,79,113.089522,91.341537,74.56452,0.875,0.607594937,20,0.506329114,2,0,0
2138.FRE.2012,FRE,1,311137,2138,0,Not Seeded,Yaroslava Shvedova,2,0,19,27,7,32,70,29,2,5,18,49,23,62,47,59,50,67,70,NA,NA,NA,1.173913043,0.842857143,25,0.457142857,2,1,1
2123.FRE.2012,FRE,1,311168,2123,0,Not Seeded,Shahar Peer,2,0,16,28,5,33,68,30,1,1,20,58,17,67,59,53,42,100,68,NA,NA,NA,1.647058824,0.779411765,27,0.485294118,2,1,1
2151.FRE.2012,FRE,1,311220,2151,0,Not Seeded,Elena Vesnina,2,0,18,14,2,30,44,39,0,3,16,64,23,41,64,30,67,33,44,108.739925,98.797989,86.370569,0.608695652,0.681818182,14,0.681818182,2,1,0
2126.FRE.2012,FRE,1,311243,2126,0,Not Seeded,Olga Govortsova,2,0,17,25,7,29,70,36,1,5,23,64,23,64,30,60,50,67,70,NA,NA,NA,1.086956522,0.857142857,24,0.414285714,2,1,1
2139.FRE.2012,FRE,1,311338,2139,0,Not Seeded,Carla Suarez,2,0,15,18,7,29,59,22,0,2,15,42,18,68,47,75,70,100,59,NA,NA,NA,1,1.271186441,18,0.491525424,2,1,1
2125.FRE.2012,FRE,1,311470,2125,10,Seeded,Angelique Kerber,2,0,19,19,4,41,74,54,0,1,30,74,26,56,58,49,80,86,74,101.904844,87.613311,73.943149,0.730769231,0.662162162,19,0.554054054,2,1,1
2107.FRE.2012,FRE,1,311550,2107,0,Not Seeded,Vania King,2,0,18,12,3,40,63,37,0,1,30,67,4,81,56,43,50,75,63,NA,NA,NA,3,0.682539683,12,0.634920635,2,1,1
2131.FRE.2012,FRE,1,311578,2131,0,Not Seeded,Michaella Krajicek,2,0,20,25,1,41,64,40,9,9,30,54,30,75,32,33,14,63,64,NA,NA,NA,0.833333333,0.515625,16,0.640625,2,1,0
2122.FRE.2012,FRE,1,311593,2122,0,Not Seeded,Johanna Larsson,2,0,18,11,3,22,45,36,0,3,16,69,28,44,38,42,38,60,45,98.797989,90.098795,80.156859,0.392857143,0.933333333,11,0.488888889,2,0,0
2110.FRE.2012,FRE,1,311604,2110,0,Not Seeded,Ekaterina Makarova,2,1,23,22,1,44,80,48,2,1,34,72,31,71,53,40,20,80,80,NA,NA,NA,0.709677419,0.5,20,0.55,2,1,1
2124.FRE.2012,FRE,1,311710,2124,13,Seeded,Ana Ivanovic,2,0,14,27,6,29,61,18,5,2,13,43,21,72,67,62,50,88,61,111.84678,101.904844,84.506456,1.285714286,1.016393443,22,0.475409836,2,1,1
2125.FRE.2012,FRE,1,311779,2125,0,Not Seeded,Shuai Zhang,2,0,19,26,2,35,67,43,2,2,25,63,30,58,40,44,22,67,67,105.011699,93.827021,78.292746,0.866666667,0.656716418,24,0.52238806,2,0,0
2154.FRE.2012,FRE,1,311791,2154,0,Not Seeded,Aravane Rezai,3,0,32,42,2,56,84,57,2,5,35,61,51,61,58,31,50,65,84,108.739925,90.720166,80.156859,0.823529412,0.369047619,40,0.666666667,2,0,0
2140.FRE.2012,FRE,1,311810,2140,0,Not Seeded,Sesil Karatantcheva,2,0,13,6,7,24,56,26,0,0,17,72,6,65,70,70,58,100,56,102.526215,80.156859,68.972181,1,1.25,6,0.428571429,2,1,1
2153.FRE.2012,FRE,1,311956,2153,0,Not Seeded,Alexandra Panova,2,0,18,16,2,29,43,34,3,5,16,57,23,47,50,31,100,50,43,111.84678,101.904844,86.370569,0.695652174,0.720930233,13,0.674418605,2,0,0
2101.FRE.2012,FRE,1,312001,2101,1,Seeded,Victoria Azarenka,3,1,31,32,9,54,109,82,1,6,46,81,60,56,42,55,53,69,109,103.768957,91.341537,84.506456,0.533333333,0.504587156,31,0.495412844,2,1,1
2119.FRE.2012,FRE,1,312015,2119,0,Not Seeded,Yung-Jan Chan,2,1,20,13,5,45,84,59,0,3,38,78,23,64,41,51,36,75,84,NA,NA,NA,0.565217391,0.607142857,13,0.535714286,2,1,1
2162.FRE.2012,FRE,1,312086,2162,0,Not Seeded,Marina Erakovic,2,0,24,35,2,44,69,43,0,3,23,56,49,53,62,35,50,52,69,NA,NA,NA,0.714285714,0.507246377,35,0.637681159,2,1,0
2104.FRE.2012,FRE,1,312121,2104,0,Not Seeded,Alize Cornet,2,0,20,15,4,39,66,58,3,2,31,71,18,53,33,47,80,71,66,103.147586,93.827021,77.050004,0.833333333,0.712121212,12,0.590909091,2,1,0
2127.FRE.2012,FRE,1,312214,2127,0,Not Seeded,Alexa Glatch,3,0,31,34,7,54,103,58,6,1,34,60,57,59,51,47,58,46,103,NA,NA,NA,0.596491228,0.45631068,28,0.524271845,2,1,1
2117.FRE.2012,FRE,1,312251,2117,3,Seeded,Agnieszka Radwanska,2,0,13,18,6,25,57,20,3,1,18,61,9,90,54,64,60,86,57,100.662102,95.069763,77.671375,2,1.122807018,15,0.438596491,2,1,1
2133.FRE.2012,FRE,1,312469,2133,0,Not Seeded,Sorana Cirstea,2,0,15,9,0,24,34,26,1,3,16,49,25,62,30,25,0,67,34,111.225409,106.875812,80.77823,0.36,0.735294118,8,0.705882353,2,1,0
2109.FRE.2012,FRE,1,312520,2109,12,Seeded,Sabine Lisicki,2,0,19,16,4,24,51,33,0,3,16,61,19,48,38,44,40,33,51,116.817748,103.768957,76.428633,0.842105263,0.862745098,16,0.470588235,2,1,0
2142.FRE.2012,FRE,1,312536,2142,0,Not Seeded,Yanina Wickmayer,3,0,24,27,2,45,75,53,0,8,31,63,31,58,45,38,29,65,75,105.011699,98.797989,88.234682,0.870967742,0.506666667,27,0.6,2,1,0
2155.FRE.2012,FRE,1,312580,2155,0,Not Seeded,Magdalena Rybarikova,2,0,14,12,1,21,34,18,3,1,9,39,26,50,43,33,50,0,34,NA,NA,NA,0.461538462,0.970588235,9,0.617647059,2,1,0
2150.FRE.2012,FRE,1,312711,2150,0,Not Seeded,Jamie Hampton,2,0,17,15,5,19,49,34,1,2,11,64,37,32,42,53,42,80,49,NA,NA,NA,0.405405405,1.081632653,14,0.387755102,2,1,0
2130.FRE.2012,FRE,1,312738,2130,0,Not Seeded,Irena Pavlovic,2,0,22,21,5,38,76,35,3,4,25,54,26,71,43,49,56,100,76,114.332264,103.768957,79.535488,0.807692308,0.644736842,18,0.5,2,1,1
2163.FRE.2012,FRE,1,312848,2163,0,Not Seeded,Ayumi Morita,3,0,28,31,3,62,88,69,4,1,50,72,31,72,44,34,38,53,88,NA,NA,NA,1,0.386363636,27,0.704545455,2,1,1
2108.FRE.2012,FRE,1,312894,2108,15,Seeded,Dominika Cibulkova,2,0,15,20,6,27,57,22,1,2,16,51,14,73,52,61,55,100,57,106.875812,101.904844,79.535488,1.428571429,1.070175439,19,0.473684211,2,1,1
2127.FRE.2012,FRE,1,312962,2127,0,Not Seeded,Anna Tatishvili,3,0,31,26,6,56,99,79,1,2,42,75,42,53,54,44,50,58,99,NA,NA,NA,0.619047619,0.444444444,25,0.565656566,2,1,0
2161.FRE.2012,FRE,1,313035,2161,0,Not Seeded,Tamira Paszek,2,0,19,17,1,37,53,40,3,1,24,60,22,60,48,30,25,100,53,106.254441,96.933876,78.914117,0.772727273,0.566037736,14,0.698113208,2,1,0
2147.FRE.2012,FRE,1,313131,2147,0,Not Seeded,Urszula Radwanska,2,0,19,15,4,36,62,40,0,1,30,70,17,75,35,44,50,86,62,105.011699,92.584279,73.943149,0.882352941,0.709677419,15,0.580645161,2,1,1
2154.FRE.2012,FRE,1,313169,2154,0,Not Seeded,Irina-Camelia Begu,3,0,32,16,4,62,99,70,4,3,53,78,21,76,45,40,67,75,99,106.254441,93.20565,80.77823,0.761904762,0.404040404,12,0.626262626,2,1,1
2164.FRE.2012,FRE,1,313215,2164,0,Not Seeded,Alexandra Cadantu,2,0,12,0,0,8,18,22,0,4,7,67,16,32,9,28,0,0,18,101.283473,88.234682,82.642343,0,1.555555556,0,0.444444444,2,0,0
2150.FRE.2012,FRE,1,313349,2150,0,Not Seeded,Arantxa Rus,2,0,17,8,7,27,61,46,1,2,22,81,17,48,45,64,78,100,61,NA,NA,NA,0.470588235,1.049180328,7,0.442622951,2,1,1
2152.FRE.2012,FRE,1,313381,2152,25,Seeded,Julia Goerges,2,1,23,34,3,50,88,48,8,5,34,61,20,71,52,42,60,86,88,125.516942,106.254441,85.749198,1.7,0.477272727,26,0.568181818,2,1,1
2156.FRE.2012,FRE,1,313402,2156,9,Seeded,Caroline Wozniacki,2,0,13,14,5,33,61,33,2,0,24,70,7,73,64,65,63,33,61,108.739925,101.283473,73.321778,2,1.06557377,12,0.540983607,2,1,1
2143.FRE.2012,FRE,1,313537,2143,0,Not Seeded,Ksenia Pervak,3,1,31,20,6,47,106,63,0,10,33,62,50,52,36,48,30,100,106,NA,NA,NA,0.4,0.452830189,20,0.443396226,2,0,0
2131.FRE.2012,FRE,1,313711,2131,0,Not Seeded,Petra Martic,2,0,20,27,4,46,79,33,6,4,26,48,18,79,56,45,44,60,79,NA,NA,NA,1.5,0.569620253,21,0.582278481,2,1,1
2160.FRE.2012,FRE,1,313796,2160,22,Seeded,Anastasia Pavlyuchenkova,2,0,20,26,3,39,61,44,3,1,33,75,32,75,40,39,60,50,61,NA,NA,NA,0.8125,0.639344262,23,0.639344262,2,1,1
2130.FRE.2012,FRE,1,313923,2130,0,Not Seeded,Kai-Chen Chang,2,0,22,25,3,40,67,46,1,7,25,59,32,54,47,42,43,53,67,106.254441,94.448392,78.914117,0.78125,0.626865672,24,0.597014925,2,1,0
2122.FRE.2012,FRE,1,313963,2122,0,Not Seeded,Melanie Oudin,2,0,18,23,6,32,62,37,0,2,25,67,19,68,39,58,60,25,62,99.41936,90.098795,73.943149,1.210526316,0.935483871,23,0.516129032,2,1,1
2163.FRE.2012,FRE,1,313968,2163,0,Not Seeded,Polona Hercog,3,0,28,29,2,51,85,47,1,2,36,61,40,77,50,35,20,73,85,NA,NA,NA,0.725,0.411764706,28,0.6,2,0,0
2132.FRE.2012,FRE,1,313974,2132,0,Not Seeded,Karolina Pliskova,2,0,18,20,1,28,50,26,2,8,17,50,24,65,42,34,13,38,50,112.468151,105.011699,78.292746,0.833333333,0.68,18,0.56,2,0,0
2157.FRE.2012,FRE,1,314016,2157,0,Not Seeded,Victoria Larriere,2,0,15,18,1,21,38,20,2,2,12,41,18,60,31,32,33,60,38,109.982667,98.176618,75.185891,1,0.842105263,16,0.552631579,2,0,0
2148.FRE.2012,FRE,1,314206,2148,4,Seeded,Petra Kvitova,2,0,15,16,6,25,57,22,3,3,16,61,15,73,64,60,55,50,57,109.361296,98.797989,86.370569,1.066666667,1.052631579,13,0.438596491,2,1,1
2112.FRE.2012,FRE,1,314320,2112,0,Not Seeded,Simona Halep,2,0,16,9,1,20,37,31,1,1,15,69,19,48,36,35,25,50,37,NA,NA,NA,0.473684211,0.945945946,8,0.540540541,2,1,0
2117.FRE.2012,FRE,1,314369,2117,0,Not Seeded,Bojana Jovanovski,2,0,13,9,0,18,26,30,0,3,11,60,24,37,35,24,0,50,26,100.662102,87.613311,78.292746,0.375,0.923076923,9,0.692307692,2,1,0
2115.FRE.2012,FRE,1,314545,2115,0,Not Seeded,Irina Falconi,3,0,25,20,7,57,106,79,0,8,49,78,34,62,36,54,54,60,106,NA,NA,NA,0.588235294,0.509433962,20,0.537735849,2,1,1
2135.FRE.2012,FRE,1,314584,2135,0,Not Seeded,Kiki Bertens,3,0,28,27,5,48,95,57,1,5,36,66,44,63,40,46,36,53,95,103.768957,94.448392,78.292746,0.613636364,0.484210526,26,0.505263158,2,1,1
2135.FRE.2012,FRE,1,314917,2135,0,Not Seeded,Christina McHale,3,0,28,22,5,55,94,61,3,2,36,60,36,59,46,45,63,53,94,109.982667,93.827021,78.292746,0.611111111,0.478723404,19,0.585106383,2,1,0
2118.FRE.2012,FRE,1,315083,2118,0,Not Seeded,Paula Ormaechea,3,0,26,15,4,33,61,33,0,3,20,50,22,61,39,37,57,57,61,109.982667,100.662102,80.77823,0.681818182,0.606557377,15,0.540983607,2,1,0
2158.FRE.2012,FRE,1,315295,2158,0,Not Seeded,Lesia Tsurenko,2,0,15,8,0,20,35,36,0,3,19,75,28,53,8,33,0,0,35,NA,NA,NA,0.285714286,0.942857143,8,0.571428571,2,1,0
2124.FRE.2012,FRE,1,315296,2124,0,Not Seeded,Lara Arruabarrena-Vecino,2,0,14,4,1,20,33,30,0,1,15,58,16,50,23,31,50,22,33,104.390328,92.584279,82.642343,0.25,0.939393939,4,0.606060606,2,1,0
2136.FRE.2012,FRE,1,315365,2136,30,Seeded,Mona Barthel,2,0,14,16,0,26,45,27,4,12,17,46,44,63,28,34,0,50,45,114.332264,106.254441,91.962908,0.363636364,0.755555556,12,0.577777778,2,1,0
2102.FRE.2012,FRE,1,315391,2102,0,Not Seeded,Caroline Garcia,3,0,28,27,3,53,87,54,5,6,38,61,45,70,43,37,38,54,87,116.817748,98.797989,88.234682,0.6,0.425287356,22,0.609195402,2,0,0
2108.FRE.2012,FRE,1,315616,2108,0,Not Seeded,Kristina Mladenovic,2,0,15,10,2,19,35,24,1,7,11,49,24,46,32,37,100,80,35,112.468151,100.662102,82.020972,0.416666667,1.057142857,9,0.542857143,2,1,0
2110.FRE.2012,FRE,1,315683,2110,0,Not Seeded,Sloane Stephens,2,1,23,17,2,54,77,56,0,3,34,62,35,61,59,34,50,57,77,NA,NA,NA,0.485714286,0.441558442,17,0.701298701,2,1,0
2102.FRE.2012,FRE,1,316518,2102,0,Not Seeded,Dinah Pfizenmaier,3,0,28,24,4,57,93,56,8,5,38,62,32,68,54,40,50,46,93,117.439119,97.555247,89.477424,0.75,0.430107527,16,0.612903226,2,1,1
2129.FRE.2012,FRE,1,316629,2129,0,Not Seeded,Laura Robson,2,0,15,21,0,16,39,17,2,2,11,50,17,65,29,36,0,60,39,111.84678,103.768957,82.020972,1.235294118,0.923076923,19,0.41025641,2,1,0
2151.FRE.2012,FRE,1,316981,2151,0,Not Seeded,Heather Watson,2,0,18,18,5,33,64,28,5,0,22,60,11,79,58,51,56,78,64,111.225409,103.768957,86.370569,1.636363636,0.796875,13,0.515625,2,1,1
2140.FRE.2012,FRE,1,317070,2140,0,Not Seeded,Timea Babos,2,0,13,11,1,14,26,22,1,2,10,48,22,45,17,33,25,25,26,109.982667,103.147586,80.156859,0.5,1.269230769,10,0.538461538,2,1,0
2136.FRE.2012,FRE,1,317414,2136,0,Not Seeded,Lauren Davis,2,0,14,14,5,37,70,37,3,2,27,66,11,73,53,56,50,75,70,101.283473,93.827021,82.642343,1.272727273,0.8,11,0.528571429,2,1,1
2148.FRE.2012,FRE,1,318033,2148,0,Not Seeded,Ashleigh Barty,2,0,15,3,1,21,32,35,0,8,19,66,26,54,11,31,100,100,32,107.497183,98.797989,80.77823,0.115384615,0.96875,3,0.65625,2,0,0
2151.WIM.2012,WIM,1,10230,2151,0,Not Seeded,Greta Arn,2,0,18,10,0,34,57,37,1,0,26,67,14,70,44,35,0,57,57,NA,NA,NA,0.714285714,0.614035088,9,0.596491228,2,1,0
2145.WIM.2012,WIM,1,10334,2145,0,Not Seeded,Sofia Arvidsson,2,0,15,5,1,20,39,28,0,3,15,56,10,54,23,37,20,50,39,NA,NA,NA,0.5,0.948717949,5,0.512820513,2,1,0
2148.WIM.2012,WIM,1,10362,2148,0,Not Seeded,Akgul Amanmuradova,2,0,20,11,1,37,58,49,6,0,29,78,6,59,57,32,17,80,58,111,103,88,1.833333333,0.551724138,5,0.637931034,2,0,0
2115.WIM.2012,WIM,1,20458,2115,0,Not Seeded,Alberta Brianti,3,0,26,26,1,49,74,58,0,3,43,74,17,74,30,32,50,50,74,NA,NA,NA,1.529411765,0.432432432,26,0.662162162,2,1,0
2147.WIM.2012,WIM,1,20556,2147,0,Not Seeded,Elena Baltacha,3,0,26,13,5,66,105,62,0,6,45,57,37,73,46,46,56,50,105,108,98,82,0.351351351,0.438095238,13,0.628571429,2,1,1
2119.WIM.2012,WIM,1,20576,2119,0,Not Seeded,Iveta Benesova,2,0,15,23,0,43,57,58,4,2,31,65,25,53,39,29,0,44,57,102,95,86,0.92,0.50877193,19,0.754385965,2,1,0
2156.WIM.2012,WIM,1,20631,2156,9,Seeded,Marion Bartoli,2,0,18,15,3,40,75,33,1,4,27,57,11,82,52,47,27,67,75,106,96,92,1.363636364,0.626666667,14,0.533333333,2,1,1
2150.WIM.2012,WIM,1,20693,2150,0,Not Seeded,Nina Bratchikova,2,1,19,20,2,33,55,45,0,2,27,63,34,60,22,36,33,73,55,NA,NA,NA,0.588235294,0.654545455,20,0.6,2,1,0
2158.WIM.2012,WIM,1,20702,2158,0,Not Seeded,Kateryna Bondarenko,3,0,30,30,6,53,103,56,4,7,43,67,21,77,36,45,29,27,103,NA,NA,NA,1.428571429,0.436893204,26,0.514563107,2,1,1
2112.WIM.2012,WIM,1,30458,2112,0,Not Seeded,Kim Clijsters,2,0,18,20,5,41,72,54,2,6,36,76,12,67,29,51,56,50,72,105,96,89,1.666666667,0.708333333,18,0.569444444,2,1,1
2121.WIM.2012,WIM,1,30462,2121,0,Not Seeded,Maria Elena Camerin,2,0,14,7,1,21,36,25,0,6,12,45,20,48,30,37,50,67,36,106,98,87,0.35,1.027777778,7,0.583333333,2,0,0
2134.WIM.2012,WIM,1,30557,2134,0,Not Seeded,Melinda Czink,2,0,14,20,5,29,54,21,1,1,19,64,6,90,83,68,83,100,54,NA,NA,NA,3.333333333,1.259259259,19,0.537037037,2,1,1
2105.WIM.2012,WIM,1,30562,2105,23,Seeded,Petra Cetkovska,2,0,18,22,5,31,61,37,3,3,27,76,16,73,33,56,71,77,61,NA,NA,NA,1.375,0.918032787,19,0.508196721,2,1,1
2158.WIM.2012,WIM,1,40130,2158,0,Not Seeded,Kimiko Date-Krumm,3,0,30,29,4,61,92,67,1,7,40,60,27,60,48,37,67,50,92,NA,NA,NA,1.074074074,0.402173913,28,0.663043478,2,0,0
2127.WIM.2012,WIM,1,40300,2127,0,Not Seeded,Lourdes Dominguez Lino,2,1,23,14,2,46,68,38,0,2,32,59,4,84,54,32,50,71,68,NA,NA,NA,3.5,0.470588235,14,0.676470588,2,1,1
2107.WIM.2012,WIM,1,40313,2107,0,Not Seeded,Eleni Daniilidou,3,0,23,16,3,44,78,55,0,3,33,67,23,60,41,43,43,87,78,NA,NA,NA,0.695652174,0.551282051,16,0.564102564,2,1,0
2104.WIM.2012,WIM,1,60288,2104,0,Not Seeded,Stephanie Foretz Gacon,3,0,28,31,7,42,93,50,2,3,29,60,44,58,39,53,54,43,93,NA,NA,NA,0.704545455,0.569892473,29,0.451612903,2,1,1
2110.WIM.2012,WIM,1,70471,2110,0,Not Seeded,Edina Gallovits-Hall,3,0,38,42,6,70,125,75,3,3,51,60,40,68,37,43,33,74,125,NA,NA,NA,1.05,0.344,39,0.56,2,1,0
2120.WIM.2012,WIM,1,80394,2120,27,Seeded,Daniela Hantuchova,2,1,23,22,3,40,66,48,3,1,25,67,15,52,63,36,38,62,66,100,93,84,1.466666667,0.545454545,19,0.606060606,2,1,0
2111.WIM.2012,WIM,1,80459,2111,0,Not Seeded,Andrea Hlavackova,2,0,15,12,5,28,57,24,3,0,18,62,10,75,67,59,71,33,57,NA,NA,NA,1.2,1.035087719,9,0.49122807,2,1,1
2112.WIM.2012,WIM,1,100153,2112,18,Seeded,Jelena Jankovic,2,0,18,13,2,30,60,43,2,4,23,70,19,53,39,42,100,63,60,109,101,88,0.684210526,0.7,11,0.5,2,1,0
2114.WIM.2012,WIM,1,100162,2114,0,Not Seeded,Mathilde Johansson,3,0,24,12,7,39,75,49,0,3,34,82,20,69,45,54,64,50,75,102,90,84,0.6,0.72,12,0.52,2,1,1
2141.WIM.2012,WIM,1,110492,2141,0,Not Seeded,Klara Zakopalova,2,0,17,21,7,30,62,30,3,8,20,55,17,67,40,62,54,75,62,NA,NA,NA,1.235294118,1,18,0.483870968,2,1,1
2139.WIM.2012,WIM,1,110524,2139,0,Not Seeded,Anne Keothavong,2,0,18,23,6,32,68,29,1,3,20,49,25,69,40,55,55,58,68,109,97,82,0.92,0.808823529,22,0.470588235,2,1,1
2152.WIM.2012,WIM,1,110552,2152,32,Seeded,Svetlana Kuznetsova,2,0,17,14,2,16,39,25,1,4,14,68,14,56,17,38,33,75,39,NA,NA,NA,1,0.974358974,13,0.41025641,2,1,0
2155.WIM.2012,WIM,1,120323,2155,0,Not Seeded,Mirjana Lucic,3,0,29,38,2,72,93,62,8,8,44,56,28,71,58,30,67,68,93,NA,NA,NA,1.357142857,0.322580645,30,0.774193548,2,1,1
2125.WIM.2012,WIM,1,120330,2125,11,Seeded,Na Li,2,0,16,20,5,34,59,35,3,1,23,70,14,66,73,54,100,83,59,103,96,86,1.428571429,0.915254237,17,0.576271186,2,1,1
2146.WIM.2012,WIM,1,120420,2146,0,Not Seeded,Varvara Lepchenko,2,0,17,30,4,38,66,36,4,2,29,67,9,81,50,48,57,86,66,NA,NA,NA,3.333333333,0.727272727,26,0.575757576,2,1,1
2157.WIM.2012,WIM,1,130591,2157,0,Not Seeded,Maria Jose Martinez Sanchez,3,0,27,20,4,43,72,49,4,2,28,60,16,57,47,38,57,49,72,NA,NA,NA,1.25,0.527777778,16,0.597222222,2,0,0
2161.WIM.2012,WIM,1,130611,2161,26,Seeded,Anabel Medina Garrigues,3,0,24,27,6,47,90,50,1,1,33,68,16,66,58,51,50,71,90,NA,NA,NA,1.6875,0.566666667,26,0.522222222,2,1,1
2163.WIM.2012,WIM,1,150185,2163,0,Not Seeded,Romina Oprandi,2,1,23,20,6,38,80,39,0,4,22,53,19,56,47,55,55,86,80,NA,NA,NA,1.052631579,0.6875,20,0.475,2,1,1
2121.WIM.2012,WIM,1,160379,2121,20,Seeded,Nadia Petrova,2,0,14,19,6,26,60,24,4,0,15,59,13,63,65,62,43,100,60,115,105,84,1.461538462,1.033333333,15,0.433333333,2,1,1
2124.WIM.2012,WIM,1,160391,2124,16,Seeded,Flavia Pennetta,2,0,19,16,1,33,52,30,1,4,22,54,18,73,42,32,50,40,52,NA,NA,NA,0.888888889,0.615384615,15,0.634615385,2,1,0
2129.WIM.2012,WIM,1,160471,2129,30,Seeded,Shuai Peng,3,1,30,30,6,60,107,75,1,0,51,83,31,68,60,44,60,56,107,NA,NA,NA,0.967741935,0.411214953,29,0.560747664,2,1,1
2139.WIM.2012,WIM,1,160481,2139,0,Not Seeded,Laura Pous-Tio,2,0,18,10,3,29,56,31,1,5,17,48,23,55,35,46,38,59,56,107,97,83,0.434782609,0.821428571,9,0.517857143,2,0,0
2126.WIM.2012,WIM,1,160515,2126,0,Not Seeded,Pauline Parmentier,2,0,17,14,0,33,60,34,0,4,21,57,33,62,46,37,0,64,60,NA,NA,NA,0.424242424,0.616666667,14,0.55,2,1,0
2101.WIM.2012,WIM,1,180356,2101,0,Not Seeded,Anastasia Rodionova,2,0,17,7,2,26,41,37,0,2,17,63,11,46,41,32,67,60,41,100,91,84,0.636363636,0.780487805,7,0.634146341,2,1,0
2103.WIM.2012,WIM,1,180384,2103,0,Not Seeded,Virginie Razzano,2,0,18,20,3,29,51,37,2,4,20,55,19,54,30,41,75,59,51,NA,NA,NA,1.052631579,0.803921569,18,0.568627451,2,1,0
2144.WIM.2012,WIM,1,190666,2144,24,Seeded,Francesca Schiavone,3,0,28,18,3,55,85,42,7,9,33,49,13,79,50,35,38,70,85,108,98,88,1.384615385,0.411764706,11,0.647058824,2,1,0
2132.WIM.2012,WIM,1,190787,2132,5,Seeded,Samantha Stosur,2,0,16,19,5,30,59,23,4,2,17,55,11,74,68,55,50,57,59,112,102,83,1.727272727,0.93220339,15,0.508474576,2,1,1
2138.WIM.2012,WIM,1,190873,2138,0,Not Seeded,Chanelle Scheepers,2,2,26,22,4,56,96,61,0,7,37,63,25,61,53,43,40,80,96,NA,NA,NA,0.88,0.447916667,22,0.583333333,2,1,1
2133.WIM.2012,WIM,1,190879,2133,0,Not Seeded,Barbora Zahlavova Strycova,2,0,18,17,3,24,43,32,1,3,15,56,13,47,36,38,50,54,43,103,99,87,1.307692308,0.88372093,16,0.558139535,2,0,0
2123.WIM.2012,WIM,1,200137,2123,0,Not Seeded,Tamarine Tanasugarn,2,0,18,6,1,30,47,35,0,3,17,61,15,49,59,30,20,50,47,NA,NA,NA,0.4,0.638297872,6,0.638297872,2,0,0
2153.WIM.2012,WIM,1,220214,2153,21,Seeded,Roberta Vinci,2,0,18,19,3,41,65,38,6,1,28,64,9,74,62,44,60,61,65,NA,NA,NA,2.111111111,0.676923077,13,0.630769231,2,1,1
2118.WIM.2012,WIM,1,230220,2118,0,Not Seeded,Venus Williams,2,0,16,18,1,26,44,20,3,2,11,38,13,55,45,35,50,54,44,116,106,81,1.384615385,0.795454545,15,0.590909091,2,1,0
2133.WIM.2012,WIM,1,230234,2133,6,Seeded,Serena Williams,2,0,18,24,6,31,64,34,3,1,22,68,12,65,56,58,50,50,64,115,104,81,2,0.90625,21,0.484375,2,1,1
2109.WIM.2012,WIM,1,260142,2109,12,Seeded,Vera Zvonareva,3,1,31,29,3,55,98,55,0,5,39,63,25,71,48,40,30,69,98,102,96,86,1.16,0.408163265,29,0.56122449,2,1,1
2136.WIM.2012,WIM,1,260144,2136,25,Seeded,Jie Zheng,3,0,29,34,8,41,88,53,0,3,33,75,23,62,44,53,62,77,88,NA,NA,NA,1.47826087,0.602272727,34,0.465909091,2,1,1
2103.WIM.2012,WIM,1,310053,2103,0,Not Seeded,Su-Wei Hsieh,2,0,18,16,6,32,70,39,0,1,25,72,16,64,47,57,43,75,70,NA,NA,NA,1,0.814285714,16,0.457142857,2,1,1
2101.WIM.2012,WIM,1,310137,2101,1,Seeded,Maria Sharapova,2,0,17,23,5,32,65,29,2,4,22,62,14,76,56,56,56,67,65,112,103,93,1.642857143,0.861538462,21,0.492307692,2,1,1
2130.WIM.2012,WIM,1,310169,2130,0,Not Seeded,Jarmila Gajdosova,2,0,19,19,2,35,56,39,4,3,24,59,23,62,41,36,40,63,56,NA,NA,NA,0.826086957,0.642857143,15,0.625,2,1,0
2136.WIM.2012,WIM,1,310290,2136,0,Not Seeded,Stephanie Dubois,3,0,29,10,6,42,72,62,0,4,35,70,22,56,26,42,75,40,72,NA,NA,NA,0.454545455,0.583333333,10,0.583333333,2,1,0
2151.WIM.2012,WIM,1,310419,2151,0,Not Seeded,Galina Voskoboeva,2,0,18,25,3,43,64,33,3,3,25,50,24,76,55,38,75,74,64,NA,NA,NA,1.041666667,0.59375,22,0.671875,2,1,1
2159.WIM.2012,WIM,1,310431,2159,0,Not Seeded,Mandy Minella,3,0,28,25,3,61,91,70,3,1,38,64,32,54,59,35,43,51,91,NA,NA,NA,0.78125,0.384615385,22,0.67032967,2,1,0
2135.WIM.2012,WIM,1,310494,2135,0,Not Seeded,Aleksandra Wozniak,2,0,20,17,5,40,75,42,2,0,32,66,18,76,36,50,63,70,75,NA,NA,NA,0.944444444,0.666666667,15,0.533333333,2,1,1
2137.WIM.2012,WIM,1,310553,2137,19,Seeded,Lucie Safarova,2,0,15,9,1,19,35,24,0,5,13,52,24,54,27,36,25,67,35,NA,NA,NA,0.375,1.028571429,9,0.542857143,2,1,0
2128.WIM.2012,WIM,1,310577,2128,17,Seeded,Maria Kirilenko,2,0,16,16,4,33,54,37,5,1,25,77,10,68,73,48,57,75,54,NA,NA,NA,1.6,0.888888889,11,0.611111111,2,1,1
2135.WIM.2012,WIM,1,310625,2135,0,Not Seeded,Vera Dushevina,2,0,20,22,2,35,59,49,5,2,28,70,31,57,33,38,40,78,59,NA,NA,NA,0.709677419,0.644067797,17,0.593220339,2,1,0
2159.WIM.2012,WIM,1,310626,2159,0,Not Seeded,Anastasiya Yakimova,3,0,28,38,5,56,104,45,7,4,36,52,22,80,49,44,31,65,104,NA,NA,NA,1.727272727,0.423076923,31,0.538461538,2,1,1
2156.WIM.2012,WIM,1,310730,2156,0,Not Seeded,Casey Dellacqua,2,0,18,24,0,40,58,48,1,5,31,64,26,65,33,31,0,82,58,98,88,84,0.923076923,0.534482759,23,0.689655172,2,1,0
2140.WIM.2012,WIM,1,310761,2140,10,Seeded,Sara Errani,2,0,16,19,6,31,69,40,0,1,27,75,3,68,31,59,60,73,69,NA,NA,NA,6.333333333,0.855072464,19,0.449275362,2,1,1
2104.WIM.2012,WIM,1,310775,2104,29,Seeded,Monica Niculescu,3,0,28,12,6,46,87,81,1,1,41,84,30,51,31,49,67,62,87,NA,NA,NA,0.4,0.563218391,11,0.528735632,2,1,0
2116.WIM.2012,WIM,1,310849,2116,0,Not Seeded,Lucie Hradecka,2,0,17,15,2,22,40,32,4,3,18,64,29,56,22,37,67,36,40,118,111,90,0.517241379,0.925,11,0.55,2,1,0
2102.WIM.2012,WIM,1,311041,2102,0,Not Seeded,Tsvetana Pironkova,3,0,30,21,6,56,94,42,1,3,33,49,18,79,53,45,86,73,94,NA,NA,NA,1.166666667,0.478723404,20,0.595744681,2,1,1
2146.WIM.2012,WIM,1,311044,2146,0,Not Seeded,Patricia Mayr-Achleitner,2,0,17,11,0,30,46,32,3,6,23,55,15,72,27,30,0,75,46,NA,NA,NA,0.733333333,0.652173913,8,0.652173913,2,0,0
2138.WIM.2012,WIM,1,311137,2138,0,Not Seeded,Yaroslava Shvedova,2,2,26,28,4,54,95,59,5,6,37,63,39,63,49,42,40,72,95,NA,NA,NA,0.717948718,0.442105263,23,0.568421053,2,1,0
2160.WIM.2012,WIM,1,311168,2160,0,Not Seeded,Shahar Peer,2,0,16,1,0,28,39,32,0,3,20,59,7,63,36,25,0,33,39,NA,NA,NA,0.142857143,0.641025641,1,0.717948718,2,1,0
2118.WIM.2012,WIM,1,311220,2118,0,Not Seeded,Elena Vesnina,2,0,16,17,5,34,61,36,2,4,25,69,12,69,56,51,63,56,61,110,103,93,1.416666667,0.836065574,15,0.557377049,2,1,1
2142.WIM.2012,WIM,1,311243,2142,0,Not Seeded,Olga Govortsova,3,0,27,27,6,54,105,66,1,7,42,69,46,64,40,52,30,82,105,NA,NA,NA,0.586956522,0.495238095,26,0.514285714,2,1,1
2147.WIM.2012,WIM,1,311299,2147,0,Not Seeded,Karin Knapp,3,0,26,23,2,46,88,44,3,9,28,52,42,64,44,39,17,60,88,110,101,89,0.547619048,0.443181818,20,0.522727273,2,0,0
2132.WIM.2012,WIM,1,311338,2132,0,Not Seeded,Carla Suarez Navarro,2,0,16,9,1,24,36,30,1,4,17,57,15,57,30,29,50,69,36,99,92,80,0.6,0.805555556,8,0.666666667,2,0,0
2116.WIM.2012,WIM,1,311470,2116,8,Seeded,Angelique Kerber,2,0,17,12,5,31,59,26,2,3,19,53,9,73,52,56,50,60,59,104,96,77,1.333333333,0.949152542,10,0.525423729,2,1,1
2110.WIM.2012,WIM,1,311493,2110,0,Not Seeded,Silvia Soler-Espinosa,3,0,38,41,7,73,129,66,6,9,46,52,48,70,44,44,41,62,129,NA,NA,NA,0.854166667,0.341085271,35,0.565891473,2,1,1
2105.WIM.2012,WIM,1,311550,2105,0,Not Seeded,Vania King,2,0,18,13,2,24,42,39,0,3,21,72,19,54,20,37,100,64,42,NA,NA,NA,0.684210526,0.880952381,13,0.571428571,2,1,0
2134.WIM.2012,WIM,1,311593,2134,0,Not Seeded,Johanna Larsson,2,0,14,3,0,12,16,22,1,2,10,59,10,45,13,12,0,40,16,NA,NA,NA,0.3,0.75,2,0.75,2,0,0
2115.WIM.2012,WIM,1,311604,2115,0,Not Seeded,Ekaterina Makarova,3,0,26,20,3,54,83,46,1,5,35,58,13,76,58,37,100,70,83,NA,NA,NA,1.538461538,0.445783133,19,0.65060241,2,1,1
2157.WIM.2012,WIM,1,311710,2157,14,Seeded,Ana Ivanovic,3,0,27,31,5,48,86,48,3,5,37,62,27,77,38,47,56,64,86,NA,NA,NA,1.148148148,0.546511628,28,0.558139535,2,1,1
2155.WIM.2012,WIM,1,311956,2155,0,Not Seeded,Alexandra Panova,3,0,29,19,1,50,88,52,7,0,39,73,9,75,58,35,8,40,88,NA,NA,NA,2.111111111,0.397727273,12,0.568181818,2,0,0
2164.WIM.2012,WIM,1,312001,2164,2,Seeded,Victoria Azarenka,2,0,17,23,6,37,63,39,3,9,29,59,19,74,30,59,67,69,63,108,99,86,1.210526316,0.936507937,20,0.587301587,2,1,1
2154.WIM.2012,WIM,1,312086,2154,0,Not Seeded,Marina Erakovic,2,0,20,35,4,48,79,48,1,0,32,62,15,67,53,46,36,76,79,NA,NA,NA,2.333333333,0.582278481,34,0.607594937,2,1,1
2150.WIM.2012,WIM,1,312121,2150,0,Not Seeded,Alize Cornet,2,1,19,14,5,39,78,45,3,3,32,74,11,71,44,54,45,90,78,NA,NA,NA,1.272727273,0.692307692,11,0.5,2,1,1
2117.WIM.2012,WIM,1,312251,2117,3,Seeded,Agnieszka Radwanska,2,0,18,18,6,32,66,35,1,0,23,65,16,66,47,56,50,69,66,101,91,73,1.125,0.848484848,17,0.484848485,2,1,1
2126.WIM.2012,WIM,1,312469,2126,0,Not Seeded,Sorana Cirstea,2,0,17,14,3,46,73,42,1,2,31,58,25,74,48,45,75,69,73,NA,NA,NA,0.56,0.616438356,13,0.630136986,2,1,1
2108.WIM.2012,WIM,1,312520,2108,15,Seeded,Sabine Lisicki,2,0,18,25,4,35,64,37,4,2,28,76,11,76,58,48,57,67,64,NA,NA,NA,2.272727273,0.75,21,0.546875,2,1,1
2152.WIM.2012,WIM,1,312536,2152,0,Not Seeded,Yanina Wickmayer,2,0,17,21,5,37,58,43,3,0,28,72,7,65,53,57,100,69,58,NA,NA,NA,3,0.982758621,18,0.637931034,2,1,1
2117.WIM.2012,WIM,1,312580,2117,0,Not Seeded,Magdalena Rybarikova,2,0,18,14,3,27,49,30,1,3,19,49,18,63,26,41,100,71,49,113,104,76,0.777777778,0.836734694,13,0.551020408,2,1,0
2120.WIM.2012,WIM,1,312711,2120,0,Not Seeded,Jamie Lee Hampton,2,1,23,27,4,47,79,43,4,1,35,59,16,81,40,44,57,82,79,111,102,84,1.6875,0.556962025,23,0.594936709,2,1,1
2130.WIM.2012,WIM,1,312848,2130,0,Not Seeded,Ayumi Morita,2,0,19,15,4,37,68,34,2,1,23,59,7,68,58,47,57,83,68,NA,NA,NA,2.142857143,0.691176471,13,0.544117647,2,1,1
2141.WIM.2012,WIM,1,312894,2141,13,Seeded,Dominika Cibulkova,2,0,17,8,3,20,45,28,1,4,13,54,22,46,29,45,60,80,45,NA,NA,NA,0.363636364,1,7,0.444444444,2,1,0
2123.WIM.2012,WIM,1,312962,2123,0,Not Seeded,Anna Tatishvili,2,0,18,19,4,40,67,37,4,3,29,65,15,78,55,47,80,100,67,NA,NA,NA,1.266666667,0.701492537,15,0.597014925,2,1,1
2149.WIM.2012,WIM,1,313035,2149,0,Not Seeded,Tamira Paszek,3,1,35,54,7,72,115,84,5,5,48,64,41,57,51,43,70,55,115,106,92,75,1.317073171,0.373913043,49,0.626086957,2,1,0
2154.WIM.2012,WIM,1,313131,2154,0,Not Seeded,Urszula Radwanska,2,0,20,23,2,36,66,47,1,1,24,70,21,51,60,38,40,52,66,NA,NA,NA,1.095238095,0.575757576,22,0.545454545,2,1,0
2163.WIM.2012,WIM,1,313169,2163,0,Not Seeded,Irina-Camelia Begu,2,1,23,26,5,35,70,47,4,6,26,61,32,55,30,48,83,48,70,NA,NA,NA,0.8125,0.685714286,22,0.5,2,1,0
2128.WIM.2012,WIM,1,313215,2128,0,Not Seeded,Alexandra Cadantu,2,0,16,10,0,23,38,30,1,4,18,68,9,60,36,31,0,86,38,NA,NA,NA,1.111111111,0.815789474,9,0.605263158,2,0,0
2131.WIM.2012,WIM,1,313349,2131,0,Not Seeded,Arantxa Rus,2,0,21,16,5,39,66,49,4,6,36,73,13,73,17,49,56,50,66,NA,NA,NA,1.230769231,0.742424242,12,0.590909091,2,1,1
2160.WIM.2012,WIM,1,313381,2160,22,Seeded,Julia Goerges,2,0,16,26,4,33,59,30,5,1,24,68,9,80,64,48,33,83,59,NA,NA,NA,2.888888889,0.813559322,21,0.559322034,2,1,1
2149.WIM.2012,WIM,1,313402,2149,7,Seeded,Caroline Wozniacki,3,1,35,31,7,58,117,65,3,2,41,64,22,63,47,45,32,73,117,112,100,80,1.409090909,0.384615385,28,0.495726496,2,1,1
2125.WIM.2012,WIM,1,313537,2125,0,Not Seeded,Ksenia Pervak,2,0,16,2,1,21,37,22,0,8,10,48,15,45,46,32,100,100,37,100,93,83,0.133333333,0.864864865,2,0.567567568,2,0,0
2102.WIM.2012,WIM,1,313653,2102,0,Not Seeded,Vesna Dolonc,3,0,30,28,3,46,75,55,2,2,31,65,31,56,52,34,50,65,75,NA,NA,NA,0.903225806,0.453333333,26,0.613333333,2,0,0
2108.WIM.2012,WIM,1,313711,2108,0,Not Seeded,Petra Martic,2,0,18,14,1,32,46,33,4,6,21,54,19,64,39,29,100,69,46,NA,NA,NA,0.736842105,0.630434783,10,0.695652174,2,1,0
2145.WIM.2012,WIM,1,313796,2145,31,Seeded,Anastasia Pavlyuchenkova,2,0,15,33,5,33,63,30,4,4,23,58,19,77,45,60,45,65,63,NA,NA,NA,1.736842105,0.952380952,29,0.523809524,2,1,1
2113.WIM.2012,WIM,1,313907,2113,0,Not Seeded,Johanna Konta,3,1,39,42,3,69,115,82,7,8,55,66,49,67,33,37,21,71,115,NA,NA,NA,0.857142857,0.32173913,35,0.6,2,1,0
2111.WIM.2012,WIM,1,313923,2111,0,Not Seeded,Kai-Chen Chang,2,0,15,12,0,20,31,27,0,7,13,55,31,48,32,28,0,67,31,NA,NA,NA,0.387096774,0.903225806,12,0.64516129,2,1,0
2127.WIM.2012,WIM,1,313941,2127,0,Not Seeded,Naomi Broady,2,1,23,26,1,46,64,36,4,2,26,53,13,72,63,28,25,56,64,NA,NA,NA,2,0.4375,22,0.71875,2,0,0
2122.WIM.2012,WIM,1,313963,2122,0,Not Seeded,Melanie Oudin,3,0,29,19,3,51,82,54,2,5,36,68,31,67,58,35,50,50,82,NA,NA,NA,0.612903226,0.426829268,17,0.62195122,2,1,0
2143.WIM.2012,WIM,1,313968,2143,0,Not Seeded,Polona Hercog,2,0,16,15,0,25,37,25,5,4,17,52,18,68,35,26,0,60,37,NA,NA,NA,0.833333333,0.702702703,10,0.675675676,2,0,0
2106.WIM.2012,WIM,1,313974,2106,0,Not Seeded,Karolina Pliskova,2,0,16,4,1,28,40,47,2,3,25,81,20,53,27,29,50,33,40,NA,NA,NA,0.2,0.725,2,0.7,2,0,0
2143.WIM.2012,WIM,1,313975,2143,0,Not Seeded,Kristyna Pliskova,2,0,16,15,4,34,57,30,3,0,24,65,9,80,63,48,50,100,57,NA,NA,NA,1.666666667,0.842105263,12,0.596491228,2,1,1
2148.WIM.2012,WIM,1,314206,2148,4,Seeded,Petra Kvitova,2,0,20,24,3,44,70,37,6,5,30,57,20,81,50,41,75,70,70,112,99,89,1.2,0.585714286,18,0.628571429,2,1,1
2131.WIM.2012,WIM,1,314237,2131,0,Not Seeded,Misaki Doi,2,0,21,13,3,28,56,37,2,3,22,67,20,59,33,42,38,50,56,NA,NA,NA,0.65,0.75,11,0.5,2,0,0
2161.WIM.2012,WIM,1,314320,2161,0,Not Seeded,Simona Halep,3,0,24,21,3,41,68,49,4,6,24,58,31,49,49,36,27,42,68,NA,NA,NA,0.677419355,0.529411765,17,0.602941176,2,1,0
2107.WIM.2012,WIM,1,314369,2107,0,Not Seeded,Bojana Jovanovski,3,0,23,35,4,46,84,57,0,4,34,71,30,60,52,46,33,82,84,NA,NA,NA,1.166666667,0.547619048,35,0.547619048,2,1,1
2140.WIM.2012,WIM,1,314464,2140,0,Not Seeded,Coco Vandeweghe,2,0,16,23,2,26,48,26,2,6,14,41,31,54,32,42,33,58,48,NA,NA,NA,0.741935484,0.875,21,0.541666667,2,0,0
2164.WIM.2012,WIM,1,314545,2164,0,Not Seeded,Irina Falconi,2,0,17,9,3,18,47,28,0,3,13,64,14,46,31,44,27,83,47,98,91,81,0.642857143,0.936170213,9,0.382978723,2,1,0
2137.WIM.2012,WIM,1,314584,2137,0,Not Seeded,Kiki Bertens,2,0,15,14,6,28,55,25,6,1,18,57,14,72,53,59,100,40,55,NA,NA,NA,1,1.072727273,8,0.509090909,2,1,1
2124.WIM.2012,WIM,1,314610,2124,0,Not Seeded,Camila Giorgi,2,0,19,25,3,41,64,34,4,7,28,57,19,82,50,41,33,67,64,NA,NA,NA,1.315789474,0.640625,21,0.640625,2,1,1
2129.WIM.2012,WIM,1,314643,2129,0,Not Seeded,Sandra Zaniewska,3,1,30,35,2,60,90,73,4,6,41,68,40,56,56,33,40,69,90,NA,NA,NA,0.875,0.366666667,31,0.666666667,2,0,0
2113.WIM.2012,WIM,1,314917,2113,28,Seeded,Christina McHale,3,1,39,34,6,77,133,68,4,3,47,55,24,69,55,45,43,75,133,NA,NA,NA,1.416666667,0.338345865,30,0.578947368,2,1,1
2114.WIM.2012,WIM,1,315295,2114,0,Not Seeded,Lesia Tsurenko,3,0,24,16,4,31,52,32,1,8,18,48,33,56,37,35,67,100,52,104,93,83,0.484848485,0.673076923,15,0.596153846,2,1,0
2109.WIM.2012,WIM,1,315365,2109,0,Not Seeded,Mona Barthel,3,1,31,37,4,64,97,68,7,2,44,64,30,65,51,38,100,75,97,112,99,81,1.233333333,0.391752577,30,0.659793814,2,1,0
2162.WIM.2012,WIM,1,315616,2162,0,Not Seeded,Kristina Mladenovic,3,0,25,27,1,51,71,53,4,3,35,61,35,66,47,28,50,59,71,NA,NA,NA,0.771428571,0.394366197,23,0.718309859,2,1,0
2106.WIM.2012,WIM,1,315683,2106,0,Not Seeded,Sloane Stephens,2,0,16,22,5,29,59,23,5,5,19,56,20,83,56,52,36,67,59,NA,NA,NA,1.1,0.881355932,17,0.491525424,2,1,1
2144.WIM.2012,WIM,1,316629,2144,0,Not Seeded,Laura Robson,3,0,28,31,3,55,86,56,12,8,41,66,24,73,48,36,50,67,86,113,106,87,1.291666667,0.418604651,19,0.639534884,2,1,1
2162.WIM.2012,WIM,1,316774,2162,0,Not Seeded,Jana Cepelova,3,0,25,28,3,52,88,44,4,2,36,61,20,82,57,41,33,53,88,NA,NA,NA,1.4,0.465909091,24,0.590909091,2,1,1
2142.WIM.2012,WIM,1,316979,2142,0,Not Seeded,Annika Beck,3,0,27,25,5,48,90,64,0,4,34,65,38,53,40,44,45,73,90,NA,NA,NA,0.657894737,0.488888889,25,0.533333333,2,0,0
2119.WIM.2012,WIM,1,316981,2119,0,Not Seeded,Heather Watson,2,0,15,24,4,34,80,35,2,3,27,73,10,77,54,52,20,83,80,108,101,84,2.4,0.65,22,0.425,2,1,1
2122.WIM.2012,WIM,1,317070,2122,0,Not Seeded,Timea Babos,3,0,29,28,4,58,87,58,9,4,44,65,32,76,45,36,67,76,87,NA,NA,NA,0.875,0.413793103,19,0.666666667,2,1,1
2153.WIM.2012,WIM,1,318033,2153,0,Not Seeded,Ashleigh Barty,2,0,18,18,0,30,48,33,4,3,20,61,21,61,48,31,0,50,48,NA,NA,NA,0.857142857,0.645833333,14,0.625,2,0,0
2142.US.2012,US,1,10230,2142,0,Not Seeded,Greta Arn,2,0,15,0,3,29,54,26,0,2,21,57,2,81,40,45,43,NA,54,NA,NA,NA,0,0.833333333,0,0.537037037,2,1,1
2139.US.2012,US,1,10334,2139,0,Not Seeded,Sofia Arvidsson,2,0,18,7,7,27,60,34,1,2,18,64,12,53,47,55,100,0,60,105,94,78,0.583333333,0.916666667,6,0.45,2,1,1
2138.US.2012,US,1,10362,2138,0,Not Seeded,Akgul Amanmuradova,3,0,28,1,2,60,86,67,1,2,37,63,2,55,57,31,40,NA,86,NA,NA,NA,0.5,0.360465116,0,0.697674419,2,0,0
2122.US.2012,US,1,20576,2122,0,Not Seeded,Iveta Benesova,2,1,25,0,4,45,85,48,0,4,29,57,4,60,44,42,57,NA,85,NA,NA,NA,0,0.494117647,0,0.529411765,2,1,0
2125.US.2012,US,1,20631,2125,11,Seeded,Marion Bartoli,2,1,22,13,3,44,70,37,1,2,30,64,17,81,67,34,60,77,70,106,96,90,0.764705882,0.485714286,12,0.628571429,2,1,1
2164.US.2012,US,1,20693,2164,0,Not Seeded,Nina Bratchikova,2,0,14,11,1,14,27,28,2,3,12,65,28,43,13,31,20,40,27,109,99,73,0.392857143,1.148148148,9,0.518518519,2,1,0
2161.US.2012,US,1,20702,2161,0,Not Seeded,Kateryna Bondarenko,2,0,15,0,0,29,44,35,0,5,18,56,5,51,39,31,0,NA,44,NA,NA,NA,0,0.704545455,0,0.659090909,2,1,0
2112.US.2012,US,1,30458,2112,23,Seeded,Kim Clijsters,2,0,16,23,5,28,57,29,5,0,24,78,14,83,50,50,71,64,57,112,102,86,1.642857143,0.877192982,18,0.49122807,2,1,1
2117.US.2012,US,1,30557,2117,0,Not Seeded,Melinda Czink,2,0,16,8,1,20,35,24,1,0,11,51,14,46,39,31,50,67,35,105,97,85,0.571428571,0.885714286,7,0.571428571,2,1,0
2139.US.2012,US,1,40130,2139,0,Not Seeded,Kimiko Date-Krumm,2,0,18,20,4,23,49,37,1,4,18,66,46,49,26,47,50,70,49,99,91,75,0.434782609,0.959183673,19,0.469387755,2,0,0
2118.US.2012,US,1,40300,2118,0,Not Seeded,Lourdes Dominguez,2,0,17,0,5,35,66,32,0,1,23,63,1,72,63,47,71,NA,66,NA,NA,NA,0,0.712121212,0,0.53030303,2,1,1
2146.US.2012,US,1,40313,2146,0,Not Seeded,Eleni Daniilidou,2,0,17,0,2,26,41,35,0,3,17,61,3,49,41,30,50,NA,41,NA,NA,NA,0,0.731707317,0,0.634146341,2,1,0
2107.US.2012,US,1,60288,2107,0,Not Seeded,Stephanie Foretz,2,0,14,0,1,13,31,19,0,2,6,49,2,32,35,32,33,NA,31,NA,NA,NA,0,1.032258065,0,0.419354839,2,1,0
2115.US.2012,US,1,70471,2115,0,Not Seeded,Edina Gallovits-Hall,2,0,22,1,6,36,72,36,1,0,20,55,0,56,53,49,46,NA,72,NA,NA,NA,Inf,0.680555556,0,0.5,2,1,1
2128.US.2012,US,1,80394,2128,0,Not Seeded,Daniela Hantuchova,2,1,23,20,3,40,71,53,1,5,34,73,35,64,30,36,33,83,71,102,94,84,0.571428571,0.507042254,19,0.563380282,2,1,0
2144.US.2012,US,1,80459,2144,0,Not Seeded,Andrea Hlavackova,2,0,20,4,5,47,82,51,4,3,32,61,3,63,47,47,45,NA,82,NA,NA,NA,1.333333333,0.573170732,0,0.573170732,2,1,1
2161.US.2012,US,1,100153,2161,30,Seeded,Jelena Jankovic,2,0,15,3,5,32,66,26,3,2,16,55,2,62,76,50,56,NA,66,NA,NA,NA,1.5,0.757575758,0,0.484848485,2,1,1
2113.US.2012,US,1,100162,2113,0,Not Seeded,Mathilde Johansson,3,0,30,15,7,48,92,71,0,4,38,72,42,54,37,47,70,57,92,105,86,84,0.357142857,0.510869565,15,0.52173913,2,1,0
2144.US.2012,US,1,110492,2144,24,Seeded,Klara Zakopalova,2,0,20,1,3,34,70,43,1,5,27,62,5,63,27,42,25,NA,70,NA,NA,NA,0.2,0.6,0,0.485714286,2,1,0
2149.US.2012,US,1,110524,2149,0,Not Seeded,Anne Keothavong,2,0,14,10,0,16,26,25,2,2,9,60,25,36,41,24,0,60,26,110,99,85,0.4,0.923076923,8,0.615384615,2,1,0
2147.US.2012,US,1,120323,2147,0,Not Seeded,Mirjana Lucic,2,0,21,5,2,40,70,40,5,5,26,53,5,65,40,38,33,NA,70,NA,NA,NA,1,0.542857143,0,0.571428571,2,1,0
2109.US.2012,US,1,120330,2109,9,Seeded,Na Li,2,0,17,28,5,34,65,39,3,0,25,75,16,64,69,52,56,88,65,112,95,86,1.75,0.8,25,0.523076923,2,1,1
2113.US.2012,US,1,120420,2113,31,Seeded,Varvara Lepchenko,3,0,30,24,8,45,95,55,3,5,35,62,49,64,29,49,53,67,95,102,90,84,0.489795918,0.515789474,21,0.473684211,2,1,1
2147.US.2012,US,1,130591,2147,0,Not Seeded,Maria Jose,2,0,21,5,5,44,79,46,5,5,32,62,5,70,43,44,56,NA,79,NA,NA,NA,1,0.556962025,0,0.556962025,2,1,1
2120.US.2012,US,1,130611,2120,27,Seeded,Anabel Medina,2,0,18,2,0,27,42,33,2,3,23,67,3,70,25,28,0,NA,42,NA,NA,NA,0.666666667,0.666666667,0,0.642857143,2,1,0
2150.US.2012,US,1,130713,2150,0,Not Seeded,Bethanie Mattek-Sands,2,0,16,6,1,21,32,27,1,2,16,56,15,59,24,24,100,67,32,116,98,80,0.4,0.75,5,0.65625,2,1,0
2126.US.2012,US,1,150185,2126,0,Not Seeded,Romina Oprandi,2,0,20,17,6,38,76,50,1,1,29,74,22,58,50,54,46,83,76,102,93,81,0.772727273,0.710526316,16,0.5,2,1,1
2121.US.2012,US,1,160379,2121,19,Seeded,Nadia Petrova,2,1,22,15,1,50,85,41,15,2,31,59,2,76,68,35,11,NA,85,NA,NA,NA,7.5,0.411764706,0,0.588235294,2,1,1
2145.US.2012,US,1,160471,2145,32,Seeded,Shuai Peng,2,1,20,3,2,35,56,48,3,5,29,71,5,60,30,32,100,NA,56,NA,NA,NA,0.6,0.571428571,0,0.625,2,1,0
2130.US.2012,US,1,160515,2130,0,Not Seeded,Pauline Parmentier,2,0,18,6,4,42,66,44,6,2,31,70,2,70,58,44,67,NA,66,NA,NA,NA,3,0.666666667,0,0.636363636,2,1,1
2114.US.2012,US,1,180356,2114,0,Not Seeded,Anastasia Rodionova,2,0,15,0,5,33,60,33,0,0,22,67,0,67,69,61,71,NA,60,NA,NA,NA,NA,1.016666667,0,0.55,2,1,1
2104.US.2012,US,1,180384,2104,0,Not Seeded,Virginie Razzano,2,0,18,20,3,30,58,34,0,8,23,58,30,68,28,42,43,53,58,103,96,85,0.666666667,0.724137931,20,0.517241379,2,1,0
2137.US.2012,US,1,190666,2137,22,Seeded,Francesca Schiavone,2,0,19,10,2,32,57,31,1,7,17,48,36,55,44,38,33,35,57,110,98,81,0.277777778,0.666666667,9,0.561403509,2,1,0
2116.US.2012,US,1,190787,2116,7,Seeded,Samantha Stosur,2,0,14,22,5,28,59,22,10,1,19,69,11,86,90,57,63,75,59,115,109,83,2,0.966101695,12,0.474576271,2,1,1
2141.US.2012,US,1,190873,2141,0,Not Seeded,Chanelle Scheepers,2,0,15,2,1,16,34,27,1,4,12,68,23,44,31,31,25,17,34,106,99,85,0.086956522,0.911764706,1,0.470588235,2,1,0
2102.US.2012,US,1,190879,2102,0,Not Seeded,Barbora Zahlavova,3,0,27,2,4,48,90,55,2,3,34,65,3,62,48,40,50,NA,90,NA,NA,NA,0.666666667,0.444444444,0,0.533333333,2,1,0
2160.US.2012,US,1,220214,2160,20,Seeded,Roberta Vinci,2,0,14,5,6,35,62,35,5,3,25,65,3,71,53,63,86,NA,62,NA,NA,NA,1.666666667,1.016129032,0,0.564516129,2,1,1
2150.US.2012,US,1,230220,2150,0,Not Seeded,Venus Williams,2,0,16,22,5,31,58,23,5,3,19,55,13,83,63,54,50,100,58,124,114,83,1.692307692,0.931034483,17,0.534482759,2,1,1
2148.US.2012,US,1,230234,2148,4,Seeded,Serena Williams,2,0,14,16,6,24,50,26,2,0,17,72,9,65,70,59,86,63,50,114,103,83,1.777777778,1.18,14,0.48,2,1,1
2104.US.2012,US,1,260144,2104,28,Seeded,Jie Zheng,2,0,18,18,4,36,65,43,0,2,28,67,19,65,38,43,50,62,65,103,89,77,0.947368421,0.661538462,18,0.553846154,2,1,1
2103.US.2012,US,1,310053,2103,0,Not Seeded,Su-Wei Hsieh,3,0,26,0,6,50,84,67,0,2,34,66,2,51,46,49,60,NA,84,NA,NA,NA,0,0.583333333,0,0.595238095,2,1,0
2117.US.2012,US,1,310137,2117,3,Seeded,Maria Sharapova,2,0,16,24,5,32,59,29,5,2,24,62,16,83,44,57,50,50,59,115,104,92,1.5,0.966101695,19,0.542372881,2,1,1
2121.US.2012,US,1,310169,2121,0,Not Seeded,Jarmila Gajdosova,2,1,22,4,0,55,74,53,4,10,41,59,10,77,38,27,0,NA,74,NA,NA,NA,0.4,0.364864865,0,0.743243243,2,1,0
2102.US.2012,US,1,310331,2102,0,Not Seeded,Kirsten Flipkens,3,0,27,0,5,59,95,58,0,4,38,57,4,66,49,41,36,NA,95,NA,NA,NA,0,0.431578947,0,0.621052632,2,1,1
2143.US.2012,US,1,310419,2143,0,Not Seeded,Galina Voskoboeva,2,0,16,5,4,37,62,31,5,1,27,58,1,87,45,45,100,NA,62,NA,NA,NA,5,0.725806452,0,0.596774194,2,1,1
2106.US.2012,US,1,310431,2106,0,Not Seeded,Mandy Minella,3,0,26,1,6,54,102,48,1,4,24,49,4,50,61,45,60,NA,102,NA,NA,NA,0.25,0.441176471,0,0.529411765,2,1,1
2138.US.2012,US,1,310440,2138,0,Not Seeded,Tatjana Malek,3,0,28,5,4,54,101,40,5,4,33,50,4,83,53,43,31,NA,101,NA,NA,NA,1.25,0.425742574,0,0.534653465,2,1,1
2123.US.2012,US,1,310494,2123,0,Not Seeded,Aleksandra Wozniak,2,0,15,10,5,29,55,30,10,0,23,71,0,77,50,54,71,NA,55,NA,NA,NA,Inf,0.981818182,0,0.527272727,2,1,1
2124.US.2012,US,1,310553,2124,15,Seeded,Lucie Safarova,2,0,16,16,4,34,63,32,2,2,25,63,22,78,47,53,50,90,63,107,94,80,0.727272727,0.841269841,14,0.53968254,2,1,1
2141.US.2012,US,1,310577,2141,14,Seeded,Maria Kirilenko,2,0,15,13,5,35,59,28,1,5,24,53,19,86,44,55,71,78,59,108,101,90,0.684210526,0.93220339,12,0.593220339,2,1,1
2155.US.2012,US,1,310625,2155,0,Not Seeded,Vera Dushevina,2,0,15,5,4,34,59,33,5,1,28,75,1,85,55,49,40,NA,59,NA,NA,NA,5,0.830508475,0,0.576271186,2,1,1
2154.US.2012,US,1,310717,2154,0,Not Seeded,Olga Puchkova,3,2,35,30,10,52,116,58,4,14,35,54,70,60,35,50,67,79,116,109,99,83,0.428571429,0.431034483,26,0.448275862,2,1,1
2110.US.2012,US,1,310730,2110,0,Not Seeded,Casey Dellacqua,2,0,17,0,6,27,65,29,0,3,19,60,3,66,42,64,55,NA,65,NA,NA,NA,0,0.984615385,0,0.415384615,2,1,1
2156.US.2012,US,1,310761,2156,10,Seeded,Sara Errani,3,1,29,6,9,52,99,71,0,0,41,80,17,58,61,50,69,100,99,94,84,64,0.352941176,0.505050505,6,0.525252525,2,1,1
2126.US.2012,US,1,310770,2126,0,Not Seeded,Andrea Petkovic,2,0,20,19,3,27,57,45,0,5,23,69,38,51,20,43,33,48,57,103,92,82,0.5,0.754385965,19,0.473684211,2,0,0
2136.US.2012,US,1,310775,2136,26,Seeded,Monica Niculescu,2,0,18,3,1,30,41,24,3,1,13,42,1,54,52,24,50,NA,41,NA,NA,NA,3,0.585365854,0,0.731707317,2,1,0
2120.US.2012,US,1,310849,2120,0,Not Seeded,Lucie Hradecka,2,0,18,11,4,34,56,23,11,5,20,47,5,87,54,42,57,NA,56,NA,NA,NA,2.2,0.75,0,0.607142857,2,1,1
2135.US.2012,US,1,311041,2135,0,Not Seeded,Tsvetana Pironkova,2,0,19,2,5,35,70,24,2,1,14,44,1,58,70,45,42,NA,70,NA,NA,NA,2,0.642857143,0,0.5,2,1,1
2159.US.2012,US,1,311137,2159,0,Not Seeded,Yaroslava Shvedova,2,0,18,21,5,29,67,29,5,5,21,66,18,72,53,51,50,92,67,123,102,86,1.166666667,0.76119403,16,0.432835821,2,1,1
2162.US.2012,US,1,311168,2162,0,Not Seeded,Shahar Peer,2,1,23,2,4,36,69,40,2,8,27,59,8,68,32,41,44,NA,69,NA,NA,NA,0.25,0.594202899,0,0.52173913,2,1,0
2145.US.2012,US,1,311220,2145,0,Not Seeded,Elena Vesnina,2,1,20,1,4,39,72,40,1,5,26,67,5,65,65,45,57,NA,72,NA,NA,NA,0.2,0.625,0,0.541666667,2,1,1
2152.US.2012,US,1,311243,2152,0,Not Seeded,Olga Govortsova,2,0,19,0,6,36,74,53,0,0,27,80,0,51,69,53,60,NA,74,NA,NA,NA,NA,0.716216216,0,0.486486486,2,1,1
2163.US.2012,US,1,311338,2163,0,Not Seeded,Carla Suarez,2,0,15,2,2,31,49,31,2,1,18,63,1,58,72,41,33,NA,49,NA,NA,NA,2,0.836734694,0,0.632653061,2,1,1
2134.US.2012,US,1,311362,2134,0,Not Seeded,Alla Kudryavtseva,2,0,17,0,3,22,41,31,0,1,17,56,1,55,21,38,75,NA,41,NA,NA,NA,0,0.926829268,0,0.536585366,2,0,0
2114.US.2012,US,1,311380,2114,0,Not Seeded,Julia Cohen,2,0,15,0,1,16,32,32,0,1,13,74,1,41,27,33,100,NA,32,NA,NA,NA,0,1.03125,0,0.5,2,0,0
2149.US.2012,US,1,311470,2149,6,Seeded,Angelique Kerber,2,0,14,10,5,29,55,23,2,2,18,59,9,78,69,59,83,100,55,107,96,80,1.111111111,1.072727273,8,0.527272727,2,1,1
2134.US.2012,US,1,311493,2134,0,Not Seeded,Silvia Soler-Espinosa,2,0,17,2,8,24,57,22,2,7,16,51,7,73,38,59,67,NA,57,NA,NA,NA,0.285714286,1.035087719,0,0.421052632,2,1,1
2159.US.2012,US,1,311550,2159,0,Not Seeded,Vania King,2,0,18,13,2,35,50,47,1,2,29,64,21,62,23,31,67,85,50,101,90,74,0.619047619,0.62,12,0.7,2,1,0
2130.US.2012,US,1,311578,2130,0,Not Seeded,Michaella Krajicek,2,0,18,3,1,27,48,30,3,4,16,59,4,53,52,32,14,NA,48,NA,NA,NA,0.75,0.666666667,0,0.5625,2,1,0
2119.US.2012,US,1,311579,2119,0,Not Seeded,Timea Bacsinszky,2,0,19,1,2,28,57,27,1,4,17,52,4,63,44,38,22,NA,57,NA,NA,NA,0.25,0.666666667,0,0.49122807,2,0,0
2157.US.2012,US,1,311593,2157,0,Not Seeded,Johanna Larsson,3,1,27,4,2,49,84,67,4,8,37,65,8,55,33,36,22,NA,84,NA,NA,NA,0.5,0.428571429,0,0.583333333,2,0,0
2146.US.2012,US,1,311604,2146,0,Not Seeded,Ekaterina Makarova,2,0,17,4,5,33,64,33,4,2,24,69,2,73,60,52,63,NA,64,NA,NA,NA,2,0.8125,0,0.515625,2,1,1
2140.US.2012,US,1,311710,2140,12,Seeded,Ana Ivanovic,2,0,17,26,4,34,64,15,2,4,13,34,23,87,72,45,57,83,64,111,101,83,1.130434783,0.703125,24,0.53125,2,1,1
2118.US.2012,US,1,311810,2118,0,Not Seeded,Sesil Karatantcheva,2,0,17,0,1,26,42,34,0,9,19,60,9,56,30,31,33,NA,42,NA,NA,NA,0,0.738095238,0,0.619047619,2,1,0
2142.US.2012,US,1,311872,2142,0,Not Seeded,Agnes Szavay,2,0,15,0,1,26,43,25,0,4,14,49,4,56,46,35,25,NA,43,NA,NA,NA,0,0.813953488,0,0.604651163,2,0,0
2101.US.2012,US,1,311956,2101,0,Not Seeded,Alexandra Panova,2,0,13,2,1,6,18,23,0,2,3,66,17,13,25,29,33,0,18,115,100,82,0.117647059,1.611111111,2,0.333333333,2,0,0
2101.US.2012,US,1,312001,2101,1,Seeded,Victoria Azarenka,2,0,13,20,7,23,52,23,2,6,18,66,11,78,42,78,88,83,52,105,95,84,1.818181818,1.5,18,0.442307692,2,1,1
2127.US.2012,US,1,312086,2127,0,Not Seeded,Marina Erakovic,2,0,22,4,1,40,64,32,4,3,23,48,3,72,50,35,100,NA,64,NA,NA,NA,1.333333333,0.546875,0,0.625,2,1,0
2131.US.2012,US,1,312121,2131,0,Not Seeded,Alize Cornet,2,0,21,1,8,33,72,48,1,3,26,76,3,54,47,57,73,NA,72,NA,NA,NA,0.333333333,0.791666667,0,0.458333333,2,1,1
2164.US.2012,US,1,312251,2164,2,Seeded,Agnieszka Radwanska,2,0,14,15,6,29,58,30,4,0,20,71,6,67,75,63,86,91,58,106,95,74,2.5,1.086206897,11,0.5,2,1,1
2115.US.2012,US,1,312336,2115,0,Not Seeded,Stefanie Voegele,2,0,22,2,4,33,63,37,2,4,21,54,4,57,38,45,50,NA,63,NA,NA,NA,0.5,0.714285714,0,0.523809524,2,0,0
2108.US.2012,US,1,312469,2108,0,Not Seeded,Sorana Cirstea,3,0,26,13,6,52,88,44,1,1,30,54,24,68,59,41,67,64,88,113,108,79,0.541666667,0.465909091,12,0.590909091,2,1,1
2108.US.2012,US,1,312520,2108,16,Seeded,Sabine Lisicki,3,0,26,20,3,43,72,45,3,8,30,57,42,67,38,35,38,75,72,119,96,78,0.476190476,0.486111111,17,0.597222222,2,1,0
2129.US.2012,US,1,312536,2129,25,Seeded,Yanina Wickmayer,2,0,20,1,7,38,71,43,1,4,29,64,4,67,38,53,54,NA,71,NA,NA,NA,0.25,0.746478873,0,0.535211268,2,1,1
2103.US.2012,US,1,312580,2103,0,Not Seeded,Magdalena Rybarikova,3,0,26,0,7,35,87,36,0,1,23,52,1,64,36,50,37,NA,87,NA,NA,NA,0,0.574712644,0,0.402298851,2,1,1
2125.US.2012,US,1,312711,2125,0,Not Seeded,Jamie Hampton,2,1,22,29,1,44,58,37,4,6,25,53,34,68,58,23,100,71,58,109,93,80,0.852941176,0.396551724,25,0.75862069,2,1,0
2136.US.2012,US,1,312848,2136,0,Not Seeded,Ayumi Morita,2,0,18,0,4,33,60,25,0,1,19,57,1,76,74,47,44,NA,60,NA,NA,NA,0,0.783333333,0,0.55,2,1,1
2129.US.2012,US,1,312889,2129,0,Not Seeded,Julia Glushko,2,0,20,3,4,23,52,25,3,6,10,45,6,40,42,41,40,NA,52,NA,NA,NA,0.5,0.788461538,0,0.442307692,2,0,0
2157.US.2012,US,1,312894,2157,13,Seeded,Dominika Cibulkova,3,1,27,0,7,58,112,63,0,3,40,68,3,63,60,49,54,NA,112,NA,NA,NA,0,0.4375,0,0.517857143,2,1,1
2107.US.2012,US,1,312962,2107,0,Not Seeded,Anna Tatishvili,2,0,14,2,6,33,59,27,2,6,21,53,6,78,50,63,60,NA,59,NA,NA,NA,0.333333333,1.06779661,0,0.559322034,2,1,1
2152.US.2012,US,1,313035,2152,29,Seeded,Tamira Paszek,2,0,19,1,3,28,58,43,1,6,21,65,6,49,30,45,27,NA,58,NA,NA,NA,0.166666667,0.775862069,0,0.482758621,2,1,0
2160.US.2012,US,1,313131,2160,0,Not Seeded,Urszula Radwanska,2,0,14,1,1,13,32,21,1,3,11,53,3,52,11,33,20,NA,32,NA,NA,NA,0.333333333,1.03125,0,0.40625,2,1,0
2133.US.2012,US,1,313169,2133,0,Not Seeded,Irina-Camelia Begu,2,0,16,19,4,37,65,36,1,0,27,69,19,75,63,51,44,83,65,113,104,83,1,0.784615385,18,0.569230769,2,1,1
2123.US.2012,US,1,313215,2123,0,Not Seeded,Alexandra Cadantu,2,0,15,0,1,19,32,35,0,3,16,78,3,46,30,31,100,NA,32,NA,NA,NA,0,0.96875,0,0.59375,2,0,0
2143.US.2012,US,1,313349,2143,0,Not Seeded,Arantxa Rus,2,0,16,0,0,25,41,35,0,5,22,70,5,63,20,30,0,NA,41,NA,NA,NA,0,0.731707317,0,0.609756098,2,1,0
2105.US.2012,US,1,313381,2105,18,Seeded,Julia Goerges,2,1,20,3,0,35,66,37,3,4,25,62,4,68,43,35,0,NA,66,NA,NA,NA,0.75,0.53030303,0,0.53030303,2,1,0
2133.US.2012,US,1,313402,2133,8,Seeded,Caroline Wozniacki,2,0,16,4,0,26,41,40,1,1,20,74,22,50,43,29,0,75,41,110,98,75,0.181818182,0.707317073,3,0.634146341,2,1,0
2163.US.2012,US,1,313537,2163,0,Not Seeded,Ksenia Pervak,2,0,15,0,2,25,43,34,0,1,19,79,1,56,67,36,50,NA,43,NA,NA,NA,0,0.837209302,0,0.581395349,2,0,0
2116.US.2012,US,1,313711,2116,0,Not Seeded,Petra Martic,2,0,14,7,0,21,25,37,3,2,18,71,25,49,20,12,0,50,25,116,99,85,0.28,0.48,4,0.84,2,1,0
2128.US.2012,US,1,313796,2128,17,Seeded,Anastasia Pavlyuchenkova,2,1,23,24,4,51,84,41,2,5,30,50,24,73,51,42,57,57,84,107,92,83,1,0.5,22,0.607142857,2,1,1
2106.US.2012,US,1,313803,2106,0,Not Seeded,Olivia Rogowska,3,0,26,1,4,52,95,65,1,6,38,65,6,58,40,43,29,NA,95,NA,NA,NA,0.166666667,0.452631579,0,0.547368421,2,1,0
2151.US.2012,US,1,313907,2151,0,Not Seeded,Johanna Konta,2,0,20,1,6,33,79,33,1,3,22,59,3,67,48,49,35,NA,79,NA,NA,NA,0.333333333,0.620253165,0,0.417721519,2,1,1
2124.US.2012,US,1,313963,2124,0,Not Seeded,Melanie Oudin,2,0,16,5,0,24,41,35,1,2,18,66,27,51,33,32,0,100,41,95,91,78,0.185185185,0.780487805,4,0.585365854,2,1,0
2132.US.2012,US,1,313968,2132,0,Not Seeded,Polona Hercog,2,1,20,16,1,40,60,48,4,2,28,67,25,58,50,29,25,50,60,112,101,83,0.64,0.483333333,12,0.666666667,2,0,0
2105.US.2012,US,1,313975,2105,0,Not Seeded,Kristyna Pliskova,2,1,20,5,4,54,79,56,5,4,37,66,4,66,59,39,40,NA,79,NA,NA,NA,1.25,0.493670886,0,0.683544304,2,1,1
2155.US.2012,US,1,314192,2155,0,Not Seeded,Nastassja Burnett,2,0,15,2,0,23,33,30,2,3,17,63,3,57,33,22,0,NA,33,NA,NA,NA,0.666666667,0.666666667,0,0.696969697,2,0,0
2132.US.2012,US,1,314206,2132,5,Seeded,Petra Kvitova,2,1,20,22,3,47,79,45,2,3,34,67,26,76,59,43,38,63,79,110,96,84,0.846153846,0.544303797,20,0.594936709,2,1,1
2122.US.2012,US,1,314320,2122,0,Not Seeded,Simona Halep,2,1,25,2,5,50,89,48,2,6,37,53,6,77,31,44,38,NA,89,NA,NA,NA,0.333333333,0.494382022,0,0.561797753,2,1,1
2158.US.2012,US,1,314369,2158,0,Not Seeded,Bojana Jovanovski,3,0,30,0,5,67,117,64,0,9,39,56,9,61,55,42,31,NA,117,NA,NA,NA,0,0.358974359,0,0.572649573,2,1,1
2148.US.2012,US,1,314464,2148,0,Not Seeded,Coco Vandeweghe,2,0,14,9,1,12,24,17,2,6,8,45,22,47,19,33,100,67,24,119,109,87,0.409090909,1.375,7,0.5,2,0,0
2154.US.2012,US,1,314545,2154,0,Not Seeded,Irina Falconi,3,2,35,19,8,60,115,83,5,5,46,67,39,55,34,45,80,67,115,104,90,79,0.487179487,0.391304348,14,0.52173913,2,1,0
2153.US.2012,US,1,314584,2153,0,Not Seeded,Kiki Bertens,3,0,29,29,6,64,101,59,9,4,39,52,49,66,46,44,86,68,101,108,94,79,0.591836735,0.435643564,20,0.633663366,2,1,1
2119.US.2012,US,1,314596,2119,0,Not Seeded,Mallory Burdette,2,0,19,1,4,44,68,49,1,3,32,67,3,65,50,43,67,NA,68,NA,NA,NA,0.333333333,0.632352941,0,0.647058824,2,1,1
2135.US.2012,US,1,314610,2135,0,Not Seeded,Camila Giorgi,2,0,19,1,2,35,54,43,1,7,24,61,7,56,41,35,33,NA,54,NA,NA,NA,0.142857143,0.648148148,0,0.648148148,2,1,0
2153.US.2012,US,1,314917,2153,21,Seeded,Christina McHale,3,0,29,14,5,43,92,43,1,4,27,54,27,63,43,42,31,36,92,112,94,79,0.518518519,0.456521739,13,0.467391304,2,1,0
2131.US.2012,US,1,315279,2131,0,Not Seeded,Nicole Gibbs,2,0,21,0,5,27,57,40,0,3,16,61,3,40,42,45,45,NA,57,NA,NA,NA,0,0.789473684,0,0.473684211,2,0,0
2110.US.2012,US,1,315295,2110,0,Not Seeded,Lesia Tsurenko,2,0,17,0,3,20,41,43,0,1,19,74,1,44,7,41,43,NA,41,NA,NA,NA,0,1,0,0.487804878,2,1,0
2162.US.2012,US,1,315296,2162,0,Not Seeded,Lara Arruabarrena-Vecino,2,1,23,0,5,45,77,41,0,3,29,53,3,71,43,42,83,NA,77,NA,NA,NA,0,0.545454545,0,0.584415584,2,1,1
2158.US.2012,US,1,315365,2158,0,Not Seeded,Mona Barthel,3,0,30,4,3,63,111,62,4,6,43,55,6,69,39,39,19,NA,111,NA,NA,NA,0.666666667,0.351351351,0,0.567567568,2,1,0
2127.US.2012,US,1,315616,2127,0,Not Seeded,Kristina Mladenovic,2,0,22,10,4,43,69,33,10,2,23,49,2,70,59,38,44,NA,69,NA,NA,NA,5,0.550724638,0,0.623188406,2,1,1
2137.US.2012,US,1,315683,2137,0,Not Seeded,Sloane Stephens,2,0,19,15,4,39,72,42,2,2,27,66,23,64,55,46,36,79,72,123,105,80,0.652173913,0.638888889,13,0.541666667,2,1,1
2156.US.2012,US,1,316239,2156,0,Not Seeded,Garbine Muguruza,3,1,29,36,4,41,78,49,2,6,27,56,63,55,36,42,44,71,78,109,99,85,0.571428571,0.538461538,34,0.525641026,2,0,0
2111.US.2012,US,1,316629,2111,0,Not Seeded,Laura Robson,2,1,22,2,3,54,84,42,2,3,28,48,3,67,58,39,33,NA,84,NA,NA,NA,0.666666667,0.464285714,0,0.642857143,2,1,1
2140.US.2012,US,1,316738,2140,0,Not Seeded,Elina Svitolina,2,0,17,7,0,30,40,27,2,6,18,45,21,67,36,21,0,0,40,109,96,75,0.333333333,0.525,5,0.75,2,0,0
2109.US.2012,US,1,316981,2109,0,Not Seeded,Heather Watson,2,0,17,10,1,26,44,39,4,3,19,68,18,49,39,35,25,57,44,108,97,85,0.555555556,0.795454545,6,0.590909091,2,1,0
2151.US.2012,US,1,317070,2151,0,Not Seeded,Timea Babos,2,0,20,0,3,41,64,48,0,6,27,55,6,56,36,39,43,NA,64,NA,NA,NA,0,0.609375,0,0.640625,2,1,0
2112.US.2012,US,1,317901,2112,0,Not Seeded,Victoria Duval,2,0,16,1,1,23,32,36,0,6,21,69,18,58,13,24,100,40,32,96,90,82,0.055555556,0.75,1,0.71875,2,0,0
2111.US.2012,US,1,319220,2111,0,Not Seeded,Samantha Crawford,2,1,22,7,2,41,74,40,7,5,30,56,5,75,35,37,33,NA,74,NA,NA,NA,1.4,0.5,0,0.554054054,2,0,0
